


ARM Macro Assembler    Page 1 


    1 00000000         ;/******************************************************
                       ********************//**
    2 00000000         ; * @file     startup_TM4C129.s
    3 00000000         ; * @brief    CMSIS Cortex-M4 Core Device Startup File f
                       or
    4 00000000         ; *           TI Tiva TM4C129 Snowflake Class Device
    5 00000000         ; * @version  V1.00
    6 00000000         ; * @date     15. May 2013
    7 00000000         ; *
    8 00000000         ; * @note
    9 00000000         ; * Copyright (C) 2011 ARM Limited. All rights reserved.
                       
   10 00000000         ; *
   11 00000000         ; * @par
   12 00000000         ; * ARM Limited (ARM) is supplying this software for use
                        with Cortex-M
   13 00000000         ; * processor based microcontrollers.  This file can be 
                       freely distributed
   14 00000000         ; * within development tools that are supporting such AR
                       M based processors.
   15 00000000         ; *
   16 00000000         ; * @par
   17 00000000         ; * THIS SOFTWARE IS PROVIDED "AS IS".  NO WARRANTIES, W
                       HETHER EXPRESS, IMPLIED
   18 00000000         ; * OR STATUTORY, INCLUDING, BUT NOT LIMITED TO, IMPLIED
                        WARRANTIES OF
   19 00000000         ; * MERCHANTABILITY AND FITNESS FOR A PARTICULAR PURPOSE
                        APPLY TO THIS SOFTWARE.
   20 00000000         ; * ARM SHALL NOT, IN ANY CIRCUMSTANCES, BE LIABLE FOR S
                       PECIAL, INCIDENTAL, OR
   21 00000000         ; * CONSEQUENTIAL DAMAGES, FOR ANY REASON WHATSOEVER.
   22 00000000         ; *
   23 00000000         ; ******************************************************
                       ************************/
   24 00000000         ;/*
   25 00000000         ;//-------- <<< Use Configuration Wizard in Context Menu
                        >>> ------------------
   26 00000000         ;*/
   27 00000000         
   28 00000000         ; <h> Heap Configuration
   29 00000000         ;   <o>  Heap Size (in Bytes) <0x0-0xFFFFFFFF:8>
   30 00000000         ; </h>
   31 00000000         
   32 00000000 00005000 
                       Heap_Size
                               EQU              0x00005000
   33 00000000         
   34 00000000                 AREA             HEAP, NOINIT, READWRITE, ALIGN=
3
   35 00000000         __heap_base
   36 00000000         Heap_Mem
                               SPACE            Heap_Size
   37 00005000         __heap_limit
   38 00005000         
   39 00005000         ; <h> Stack Configuration
   40 00005000         ;   <o> Stack Size (in Bytes) <0x0-0xFFFFFFFF:8>
   41 00005000         ; </h>
   42 00005000         
   43 00005000 00000800 



ARM Macro Assembler    Page 2 


                       Handler_Stack_Size
                               EQU              0x00000800
   44 00005000 00000800 
                       Thread_Stack_Size
                               EQU              0x00000800
   45 00005000         
   46 00005000                 AREA             STACK, NOINIT, READWRITE, ALIGN
=3
   47 00000000         
   48 00000000         Thread_Stack_Mem
                               SPACE            Thread_Stack_Size
   49 00000800         __initial_user_sp
   50 00000800         Handler_Stack_Mem
                               SPACE            Handler_Stack_Size
   51 00001000         __initial_sp
   52 00001000         
   53 00001000         
   54 00001000                 PRESERVE8
   55 00001000                 THUMB
   56 00001000         
   57 00001000         ; Vector Table Mapped to Address 0 at Reset
   58 00001000         
   59 00001000                 AREA             RESET, DATA, READONLY
   60 00000000                 EXPORT           __Vectors
   61 00000000                 EXPORT           __Vectors_End
   62 00000000                 EXPORT           __Vectors_Size
   63 00000000         
   64 00000000 00000000 
                       __Vectors
                               DCD              __initial_sp ; Top of Stack
   65 00000004 00000000        DCD              Reset_Handler ; Reset Handler
   66 00000008 00000000        DCD              NMI_Handler ; NMI Handler
   67 0000000C 00000000        DCD              HardFault_Handler ; Hard Fault 
                                                            Handler
   68 00000010 00000000        DCD              MemManage_Handler 
                                                            ; MPU Fault Handler
                                                            
   69 00000014 00000000        DCD              BusFault_Handler 
                                                            ; Bus Fault Handler
                                                            
   70 00000018 00000000        DCD              UsageFault_Handler ; Usage Faul
                                                            t Handler
   71 0000001C 00000000        DCD              0           ; Reserved
   72 00000020 00000000        DCD              0           ; Reserved
   73 00000024 00000000        DCD              0           ; Reserved
   74 00000028 00000000        DCD              0           ; Reserved
   75 0000002C 00000000        DCD              SVC_Handler ; SVCall Handler
   76 00000030 00000000        DCD              DebugMon_Handler ; Debug Monito
                                                            r Handler
   77 00000034 00000000        DCD              0           ; Reserved
   78 00000038 00000000        DCD              PendSV_Handler ; PendSV Handler
                                                            
   79 0000003C 00000000        DCD              SysTick_Handler 
                                                            ; SysTick Handler
   80 00000040         
   81 00000040         ; External Interrupts
   82 00000040         
   83 00000040 00000000        DCD              GPIOA_Handler 
                                                            ;   0: GPIO Port A



ARM Macro Assembler    Page 3 


   84 00000044 00000000        DCD              GPIOB_Handler 
                                                            ;   1: GPIO Port B
   85 00000048 00000000        DCD              GPIOC_Handler 
                                                            ;   2: GPIO Port C
   86 0000004C 00000000        DCD              GPIOD_Handler 
                                                            ;   3: GPIO Port D
   87 00000050 00000000        DCD              GPIOE_Handler 
                                                            ;   4: GPIO Port E
   88 00000054 00000000        DCD              UART0_Handler ;   5: UART0 Rx a
                                                            nd Tx
   89 00000058 00000000        DCD              UART1_Handler ;   6: UART1 Rx a
                                                            nd Tx
   90 0000005C 00000000        DCD              SSI0_Handler ;   7: SSI0 Rx and
                                                             Tx
   91 00000060 00000000        DCD              I2C0_Handler ;   8: I2C0 Master
                                                             and Slave
   92 00000064 00000000        DCD              PMW0_FAULT_Handler 
                                                            ;   9: PWM Fault
   93 00000068 00000000        DCD              PWM0_0_Handler ;  10: PWM Gener
                                                            ator 0
   94 0000006C 00000000        DCD              PWM0_1_Handler ;  11: PWM Gener
                                                            ator 1
   95 00000070 00000000        DCD              PWM0_2_Handler ;  12: PWM Gener
                                                            ator 2
   96 00000074 00000000        DCD              QEI0_Handler ;  13: Quadrature 
                                                            Encoder 0
   97 00000078 00000000        DCD              ADC0SS0_Handler ;  14: ADC Sequ
                                                            ence 0
   98 0000007C 00000000        DCD              ADC0SS1_Handler ;  15: ADC Sequ
                                                            ence 1
   99 00000080 00000000        DCD              ADC0SS2_Handler ;  16: ADC Sequ
                                                            ence 2
  100 00000084 00000000        DCD              ADC0SS3_Handler ;  17: ADC Sequ
                                                            ence 3
  101 00000088 00000000        DCD              WDT0_Handler ;  18: Watchdog ti
                                                            mer
  102 0000008C 00000000        DCD              TIMER0A_Handler ;  19: Timer 0 
                                                            subtimer A
  103 00000090 00000000        DCD              TIMER0B_Handler ;  20: Timer 0 
                                                            subtimer B
  104 00000094 00000000        DCD              TIMER1A_Handler ;  21: Timer 1 
                                                            subtimer A
  105 00000098 00000000        DCD              TIMER1B_Handler ;  22: Timer 1 
                                                            subtimer B
  106 0000009C 00000000        DCD              TIMER2A_Handler ;  23: Timer 2 
                                                            subtimer A
  107 000000A0 00000000        DCD              TIMER2B_Handler ;  24: Timer 2 
                                                            subtimer B
  108 000000A4 00000000        DCD              COMP0_Handler ;  25: Analog Com
                                                            parator 0
  109 000000A8 00000000        DCD              COMP1_Handler ;  26: Analog Com
                                                            parator 1
  110 000000AC 00000000        DCD              COMP2_Handler ;  27: Analog Com
                                                            parator 2
  111 000000B0 00000000        DCD              SYSCTL_Handler ;  28: System Co
                                                            ntrol (PLL, OSC, BO
                                                            )
  112 000000B4 00000000        DCD              FLASH_Handler ;  29: FLASH Cont
                                                            rol



ARM Macro Assembler    Page 4 


  113 000000B8 00000000        DCD              GPIOF_Handler 
                                                            ;  30: GPIO Port F
  114 000000BC 00000000        DCD              GPIOG_Handler 
                                                            ;  31: GPIO Port G
  115 000000C0 00000000        DCD              GPIOH_Handler 
                                                            ;  32: GPIO Port H
  116 000000C4 00000000        DCD              UART2_Handler ;  33: UART2 Rx a
                                                            nd Tx
  117 000000C8 00000000        DCD              SSI1_Handler ;  34: SSI1 Rx and
                                                             Tx
  118 000000CC 00000000        DCD              TIMER3A_Handler ;  35: Timer 3 
                                                            subtimer A
  119 000000D0 00000000        DCD              TIMER3B_Handler ;  36: Timer 3 
                                                            subtimer B
  120 000000D4 00000000        DCD              I2C1_Handler ;  37: I2C1 Master
                                                             and Slave         
                                                                       
  121 000000D8 00000000        DCD              CAN0_Handler ;  38: CAN0
  122 000000DC 00000000        DCD              CAN1_Handler ;  39: CAN1
  123 000000E0 00000000        DCD              ETH_Handler ;  40: Ethernet
  124 000000E4 00000000        DCD              HIB_Handler ;  41: Hibernate
  125 000000E8 00000000        DCD              USB0_Handler ;  42: USB0
  126 000000EC 00000000        DCD              PWM0_3_Handler ;  43: PWM Gener
                                                            ator 3
  127 000000F0 00000000        DCD              UDMA_Handler ;  44: uDMA Softwa
                                                            re Transfer
  128 000000F4 00000000        DCD              UDMAERR_Handler 
                                                            ;  45: uDMA Error
  129 000000F8 00000000        DCD              ADC1SS0_Handler ;  46: ADC1 Seq
                                                            uence 0
  130 000000FC 00000000        DCD              ADC1SS1_Handler ;  47: ADC1 Seq
                                                            uence 1
  131 00000100 00000000        DCD              ADC1SS2_Handler ;  48: ADC1 Seq
                                                            uence 2
  132 00000104 00000000        DCD              ADC1SS3_Handler ;  49: ADC1 Seq
                                                            uence 3
  133 00000108 00000000        DCD              EBI0_Handler ;  50: External Bu
                                                            s Interface 0
  134 0000010C 00000000        DCD              GPIOJ_Handler 
                                                            ;  51: GPIO Port J
  135 00000110 00000000        DCD              GPIOK_Handler 
                                                            ;  52: GPIO Port K
  136 00000114 00000000        DCD              GPIOL_Handler 
                                                            ;  53: GPIO Port L
  137 00000118 00000000        DCD              SSI2_Handler ;  54: SSI2 Rx and
                                                             Tx
  138 0000011C 00000000        DCD              SSI3_Handler ;  55: SSI3 Rx and
                                                             Tx
  139 00000120 00000000        DCD              UART3_Handler ;  56: UART3 Rx a
                                                            nd Tx
  140 00000124 00000000        DCD              UART4_Handler ;  57: UART4 Rx a
                                                            nd Tx
  141 00000128 00000000        DCD              UART5_Handler ;  58: UART5 Rx a
                                                            nd Tx
  142 0000012C 00000000        DCD              UART6_Handler ;  59: UART6 Rx a
                                                            nd Tx
  143 00000130 00000000        DCD              UART7_Handler ;  60: UART7 Rx a
                                                            nd Tx
  144 00000134 00000000        DCD              I2C2_Handler ;  61: I2C2 Master



ARM Macro Assembler    Page 5 


                                                             and Slave
  145 00000138 00000000        DCD              I2C3_Handler ;  62: I2C3 Master
                                                             and Slave
  146 0000013C 00000000        DCD              TIMER4A_Handler ;  63: Timer 4 
                                                            subtimer A
  147 00000140 00000000        DCD              TIMER4B_Handler ;  64: Timer 4 
                                                            subtimer B
  148 00000144 00000000        DCD              TIMER5A_Handler ;  65: Timer 5 
                                                            subtimer A
  149 00000148 00000000        DCD              TIMER5B_Handler ;  66: Timer 5 
                                                            subtimer B
  150 0000014C 00000000        DCD              FPU_Handler ;  67: FPU
  151 00000150 00000000        DCD              0           ;  68: Reserved
  152 00000154 00000000        DCD              0           ;  69: Reserved
  153 00000158 00000000        DCD              I2C4_Handler ;  70: I2C4 Master
                                                             and Slave
  154 0000015C 00000000        DCD              I2C5_Handler ;  71: I2C5 Master
                                                             and Slave
  155 00000160 00000000        DCD              GPIOM_Handler 
                                                            ;  72: GPIO Port M
  156 00000164 00000000        DCD              GPION_Handler 
                                                            ;  73: GPIO Port N
  157 00000168 00000000        DCD              0           ;  74: Reserved
  158 0000016C 00000000        DCD              TAMPER_Handler ;  75: Tamper
  159 00000170 00000000        DCD              GPIOP0_Handler ;  76: GPIO Port
                                                             P (Summary or P0)
  160 00000174 00000000        DCD              GPIOP1_Handler 
                                                            ;  77: GPIO Port P1
                                                            
  161 00000178 00000000        DCD              GPIOP2_Handler 
                                                            ;  78: GPIO Port P2
                                                            
  162 0000017C 00000000        DCD              GPIOP3_Handler 
                                                            ;  79: GPIO Port P3
                                                            
  163 00000180 00000000        DCD              GPIOP4_Handler 
                                                            ;  80: GPIO Port P4
                                                            
  164 00000184 00000000        DCD              GPIOP5_Handler 
                                                            ;  81: GPIO Port P5
                                                            
  165 00000188 00000000        DCD              GPIOP6_Handler 
                                                            ;  82: GPIO Port P6
                                                            
  166 0000018C 00000000        DCD              GPIOP7_Handler 
                                                            ;  83: GPIO Port P7
                                                            
  167 00000190 00000000        DCD              GPIOQ0_Handler ;  84: GPIO Port
                                                             Q (Summary or Q0)
  168 00000194 00000000        DCD              GPIOQ1_Handler 
                                                            ;  85: GPIO Port Q1
                                                            
  169 00000198 00000000        DCD              GPIOQ2_Handler 
                                                            ;  86: GPIO Port Q2
                                                            
  170 0000019C 00000000        DCD              GPIOQ3_Handler 
                                                            ;  87: GPIO Port Q3
                                                            
  171 000001A0 00000000        DCD              GPIOQ4_Handler 



ARM Macro Assembler    Page 6 


                                                            ;  88: GPIO Port Q4
                                                            
  172 000001A4 00000000        DCD              GPIOQ5_Handler 
                                                            ;  89: GPIO Port Q5
                                                            
  173 000001A8 00000000        DCD              GPIOQ6_Handler 
                                                            ;  90: GPIO Port Q6
                                                            
  174 000001AC 00000000        DCD              GPIOQ7_Handler 
                                                            ;  91: GPIO Port Q7
                                                            
  175 000001B0 00000000        DCD              GPIOR_Handler 
                                                            ;  92: GPIO Port R
  176 000001B4 00000000        DCD              GPIOS_Handler 
                                                            ;  93: GPIO Port S
  177 000001B8 00000000        DCD              SHAMD5_Handler ;  94: SHA/MD5 0
                                                            
  178 000001BC 00000000        DCD              AES_Handler ;  95: AES 0
  179 000001C0 00000000        DCD              DES3DES_Handler 
                                                            ;  96: DES3DES 0
  180 000001C4 00000000        DCD              LCDCONTROLLER_Handler ;  97: LC
                                                            D Controller 0
  181 000001C8 00000000        DCD              TIMER6A_Handler ;  98: Timer 6 
                                                            subtimer A
  182 000001CC 00000000        DCD              TIMER6B_Handler ;  99: Timer 6 
                                                            subtimer B
  183 000001D0 00000000        DCD              TIMER7A_Handler ; 100: Timer 7 
                                                            subtimer A
  184 000001D4 00000000        DCD              TIMER7B_Handler ; 101: Timer 7 
                                                            subtimer B
  185 000001D8 00000000        DCD              I2C6_Handler ; 102: I2C6 Master
                                                             and Slave
  186 000001DC 00000000        DCD              I2C7_Handler ; 103: I2C7 Master
                                                             and Slave
  187 000001E0 00000000        DCD              HIMSCANKEYBOARD_Handler ; 104: 
                                                            HIM Scan Matrix Key
                                                            board 0
  188 000001E4 00000000        DCD              ONEWIRE_Handler 
                                                            ; 105: One Wire 0
  189 000001E8 00000000        DCD              HIMPS2_Handler 
                                                            ; 106: HIM PS/2 0
  190 000001EC 00000000        DCD              HIMLEDSEQUENCER_Handler ; 107: 
                                                            HIM LED Sequencer 0
                                                            
  191 000001F0 00000000        DCD              HIMCONSUMERIR_Handler ; 108: HI
                                                            M Consumer IR 0
  192 000001F4 00000000        DCD              I2C8_Handler ; 109: I2C8 Master
                                                             and Slave
  193 000001F8 00000000        DCD              I2C9_Handler ; 110: I2C9 Master
                                                             and Slave
  194 000001FC 00000000        DCD              GPIOT_Handler 
                                                            ; 111: GPIO Port T
  195 00000200         
  196 00000200         __Vectors_End
  197 00000200         
  198 00000200 00000200 
                       __Vectors_Size
                               EQU              __Vectors_End - __Vectors
  199 00000200         



ARM Macro Assembler    Page 7 


  200 00000200                 AREA             |.text|, CODE, READONLY
  201 00000000         
  202 00000000         
  203 00000000         ; Reset Handler
  204 00000000         
  205 00000000         Reset_Handler
                               PROC
  206 00000000                 EXPORT           Reset_Handler             [WEAK
]
  207 00000000                 IMPORT           SystemInit
  208 00000000                 IMPORT           __main
  209 00000000         
  210 00000000         ; Store __initial_sp into MSP (Step 1 toward Midpoint Re
                       port)
  211 00000000         ;LDR R13, =__initial_sp
  212 00000000 F8DF A164       LDR              R10, =__initial_sp
  213 00000004 F38A 8808       MSR              MSP, R10
  214 00000008         
  215 00000008 F3BF 8F6F       ISB                          ; Let's leave as is
                                                             from the original.
                                                            
  216 0000000C 4857            LDR              R0, =SystemInit
  217 0000000E 4780            BLX              R0
  218 00000010         
  219 00000010         ; Initialize the system call table (Step 2)
  220 00000010                 IMPORT           _syscall_table_init
  221 00000010 F8DF A15C       LDR              R10, =_syscall_table_init
  222 00000014 47D0            BLX              R10
  223 00000016         
  224 00000016         ; Initialize the heap space (Step 2)
  225 00000016                 IMPORT           _heap_init
  226 00000016 F8DF A15C       LDR              R10, =_heap_init
  227 0000001A 47D0            BLX              R10
  228 0000001C         ; Initialize the SysTick timer (Step 2)
  229 0000001C                 IMPORT           _timer_init
  230 0000001C F8DF A158       LDR              R10, =_timer_init
  231 00000020 47D0            BLX              R10
  232 00000022         
  233 00000022         ; Store __initial_user_sp into PSP (Step 1 toward Midpoi
                       nt Report)
  234 00000022 F8DF A158       LDR              R10, =__initial_user_sp
  235 00000026 F38A 8809       MSR              PSP, R10
  236 0000002A         ; Change CPU mode into unprivileged thread mode using PS
                       P
  237 0000002A F05F 0A03       MOVS             R10, #3     ; Change bit[0-2] t
                                                            o 011 to change nPR
                                                            IV to unprivivilege
                                                            d mode
  238 0000002E F38A 8814       MSR              CONTROL, R10
  239 00000032         
  240 00000032 4853            LDR              R0, =__main
  241 00000034 4700            BX               R0
  242 00000036                 ENDP
  243 00000036         
  244 00000036         ; Dummy Exception Handlers (infinite loops which can be 
                       modified)
  245 00000036         
  246 00000036         NMI_Handler
                               PROC



ARM Macro Assembler    Page 8 


  247 00000036                 EXPORT           NMI_Handler               [WEAK
]
  248 00000036 E7FE            B                .
  249 00000038                 ENDP
  251 00000038         HardFault_Handler
                               PROC
  252 00000038                 EXPORT           HardFault_Handler         [WEAK
]
  253 00000038 E7FE            B                .
  254 0000003A                 ENDP
  256 0000003A         MemManage_Handler
                               PROC
  257 0000003A                 EXPORT           MemManage_Handler         [WEAK
]
  258 0000003A E7FE            B                .
  259 0000003C                 ENDP
  261 0000003C         BusFault_Handler
                               PROC
  262 0000003C                 EXPORT           BusFault_Handler          [WEAK
]
  263 0000003C E7FE            B                .
  264 0000003E                 ENDP
  266 0000003E         UsageFault_Handler
                               PROC
  267 0000003E                 EXPORT           UsageFault_Handler        [WEAK
]
  268 0000003E E7FE            B                .
  269 00000040                 ENDP
  270 00000040         SVC_Handler
                               PROC                         ; (Step 2)
  271 00000040                 EXPORT           SVC_Handler               [WEAK
]
  272 00000040         ; Save registers 
  273 00000040 B500            PUSH             {LR}
  274 00000042         ; Invoke _syscall_table_jump
  275 00000042                 IMPORT           _syscall_table_jump
  276 00000042 F8DF A140       LDR              R10, =_syscall_table_jump
  277 00000046 47D0            BLX              R10
  278 00000048         ; Retrieve registers
  279 00000048 F3EF 8109       MRS              R1, PSP
  280 0000004C 6008            STR              R0, [R1]
  281 0000004E         ; Go back to stdlib.s
  282 0000004E BD00            POP{PC}
  283 00000050 E7FE            B                .
  284 00000052                 ENDP
  286 00000052         DebugMon_Handler
                               PROC
  287 00000052                 EXPORT           DebugMon_Handler          [WEAK
]
  288 00000052 E7FE            B                .
  289 00000054                 ENDP
  291 00000054         PendSV_Handler
                               PROC
  292 00000054                 EXPORT           PendSV_Handler            [WEAK
]
  293 00000054 E7FE            B                .
  294 00000056                 ENDP
  296 00000056         SysTick_Handler
                               PROC                         ; (Step 2)



ARM Macro Assembler    Page 9 


  297 00000056                 EXPORT           SysTick_Handler           [WEAK
]
  298 00000056         ; Save registers
  299 00000056 B500            PUSH{LR}
  300 00000058         ; Invoke _timer_update
  301 00000058                 IMPORT           _timer_update
  302 00000058 F8DF A12C       LDR              R10, =_timer_update
  303 0000005C 47D0            BLX              R10
  304 0000005E         ; Change from MSP to PSP
  305 0000005E F04F 0402       MOV              R4, #2      ;Change bit[0 - 2] 
                                                            to 010 to change SP
                                                            SEL bit from MSP to
                                                             PSP
  306 00000062 F384 8814       MSR              CONTROL, R4
  307 00000066         ; Go back to the user program
  308 00000066 BD00            POP{PC}
  309 00000068 E7FE            B                .
  310 0000006A                 ENDP
  311 0000006A         
  313 0000006A         GPIOA_Handler
                               PROC
  314 0000006A                 EXPORT           GPIOA_Handler [WEAK]
  315 0000006A E7FE            B                .
  316 0000006C                 ENDP
  317 0000006C         
  319 0000006C         GPIOB_Handler
                               PROC
  320 0000006C                 EXPORT           GPIOB_Handler [WEAK]
  321 0000006C E7FE            B                .
  322 0000006E                 ENDP
  323 0000006E         
  325 0000006E         GPIOC_Handler
                               PROC
  326 0000006E                 EXPORT           GPIOC_Handler [WEAK]
  327 0000006E E7FE            B                .
  328 00000070                 ENDP
  329 00000070         
  331 00000070         GPIOD_Handler
                               PROC
  332 00000070                 EXPORT           GPIOD_Handler [WEAK]
  333 00000070 E7FE            B                .
  334 00000072                 ENDP
  335 00000072         
  337 00000072         GPIOE_Handler
                               PROC
  338 00000072                 EXPORT           GPIOE_Handler [WEAK]
  339 00000072 E7FE            B                .
  340 00000074                 ENDP
  341 00000074         
  343 00000074         UART0_Handler
                               PROC
  344 00000074                 EXPORT           UART0_Handler [WEAK]
  345 00000074 E7FE            B                .
  346 00000076                 ENDP
  347 00000076         
  349 00000076         UART1_Handler
                               PROC
  350 00000076                 EXPORT           UART1_Handler [WEAK]
  351 00000076 E7FE            B                .



ARM Macro Assembler    Page 10 


  352 00000078                 ENDP
  353 00000078         
  355 00000078         SSI0_Handler
                               PROC
  356 00000078                 EXPORT           SSI0_Handler [WEAK]
  357 00000078 E7FE            B                .
  358 0000007A                 ENDP
  359 0000007A         
  361 0000007A         I2C0_Handler
                               PROC
  362 0000007A                 EXPORT           I2C0_Handler [WEAK]
  363 0000007A E7FE            B                .
  364 0000007C                 ENDP
  365 0000007C         
  367 0000007C         PMW0_FAULT_Handler
                               PROC
  368 0000007C                 EXPORT           PMW0_FAULT_Handler [WEAK]
  369 0000007C E7FE            B                .
  370 0000007E                 ENDP
  371 0000007E         
  373 0000007E         PWM0_0_Handler
                               PROC
  374 0000007E                 EXPORT           PWM0_0_Handler [WEAK]
  375 0000007E E7FE            B                .
  376 00000080                 ENDP
  377 00000080         
  379 00000080         PWM0_1_Handler
                               PROC
  380 00000080                 EXPORT           PWM0_1_Handler [WEAK]
  381 00000080 E7FE            B                .
  382 00000082                 ENDP
  383 00000082         
  385 00000082         PWM0_2_Handler
                               PROC
  386 00000082                 EXPORT           PWM0_2_Handler [WEAK]
  387 00000082 E7FE            B                .
  388 00000084                 ENDP
  389 00000084         
  391 00000084         QEI0_Handler
                               PROC
  392 00000084                 EXPORT           QEI0_Handler [WEAK]
  393 00000084 E7FE            B                .
  394 00000086                 ENDP
  395 00000086         
  397 00000086         ADC0SS0_Handler
                               PROC
  398 00000086                 EXPORT           ADC0SS0_Handler [WEAK]
  399 00000086 E7FE            B                .
  400 00000088                 ENDP
  401 00000088         
  403 00000088         ADC0SS1_Handler
                               PROC
  404 00000088                 EXPORT           ADC0SS1_Handler [WEAK]
  405 00000088 E7FE            B                .
  406 0000008A                 ENDP
  407 0000008A         
  409 0000008A         ADC0SS2_Handler
                               PROC
  410 0000008A                 EXPORT           ADC0SS2_Handler [WEAK]



ARM Macro Assembler    Page 11 


  411 0000008A E7FE            B                .
  412 0000008C                 ENDP
  413 0000008C         
  415 0000008C         ADC0SS3_Handler
                               PROC
  416 0000008C                 EXPORT           ADC0SS3_Handler [WEAK]
  417 0000008C E7FE            B                .
  418 0000008E                 ENDP
  419 0000008E         
  421 0000008E         WDT0_Handler
                               PROC
  422 0000008E                 EXPORT           WDT0_Handler [WEAK]
  423 0000008E E7FE            B                .
  424 00000090                 ENDP
  425 00000090         
  427 00000090         TIMER0A_Handler
                               PROC
  428 00000090                 EXPORT           TIMER0A_Handler [WEAK]
  429 00000090 E7FE            B                .
  430 00000092                 ENDP
  431 00000092         
  433 00000092         TIMER0B_Handler
                               PROC
  434 00000092                 EXPORT           TIMER0B_Handler [WEAK]
  435 00000092 E7FE            B                .
  436 00000094                 ENDP
  437 00000094         
  439 00000094         TIMER1A_Handler
                               PROC
  440 00000094                 EXPORT           TIMER1A_Handler [WEAK]
  441 00000094 E7FE            B                .
  442 00000096                 ENDP
  443 00000096         
  445 00000096         TIMER1B_Handler
                               PROC
  446 00000096                 EXPORT           TIMER1B_Handler [WEAK]
  447 00000096 E7FE            B                .
  448 00000098                 ENDP
  449 00000098         
  451 00000098         TIMER2A_Handler
                               PROC
  452 00000098                 EXPORT           TIMER2A_Handler [WEAK]
  453 00000098 E7FE            B                .
  454 0000009A                 ENDP
  455 0000009A         
  457 0000009A         TIMER2B_Handler
                               PROC
  458 0000009A                 EXPORT           TIMER2B_Handler [WEAK]
  459 0000009A E7FE            B                .
  460 0000009C                 ENDP
  461 0000009C         
  463 0000009C         COMP0_Handler
                               PROC
  464 0000009C                 EXPORT           COMP0_Handler [WEAK]
  465 0000009C E7FE            B                .
  466 0000009E                 ENDP
  467 0000009E         
  469 0000009E         COMP1_Handler
                               PROC



ARM Macro Assembler    Page 12 


  470 0000009E                 EXPORT           COMP1_Handler [WEAK]
  471 0000009E E7FE            B                .
  472 000000A0                 ENDP
  473 000000A0         
  475 000000A0         COMP2_Handler
                               PROC
  476 000000A0                 EXPORT           COMP2_Handler [WEAK]
  477 000000A0 E7FE            B                .
  478 000000A2                 ENDP
  479 000000A2         
  481 000000A2         SYSCTL_Handler
                               PROC
  482 000000A2                 EXPORT           SYSCTL_Handler [WEAK]
  483 000000A2 E7FE            B                .
  484 000000A4                 ENDP
  485 000000A4         
  487 000000A4         FLASH_Handler
                               PROC
  488 000000A4                 EXPORT           FLASH_Handler [WEAK]
  489 000000A4 E7FE            B                .
  490 000000A6                 ENDP
  491 000000A6         
  493 000000A6         GPIOF_Handler
                               PROC
  494 000000A6                 EXPORT           GPIOF_Handler [WEAK]
  495 000000A6 E7FE            B                .
  496 000000A8                 ENDP
  497 000000A8         
  499 000000A8         GPIOG_Handler
                               PROC
  500 000000A8                 EXPORT           GPIOG_Handler [WEAK]
  501 000000A8 E7FE            B                .
  502 000000AA                 ENDP
  503 000000AA         
  505 000000AA         GPIOH_Handler
                               PROC
  506 000000AA                 EXPORT           GPIOH_Handler [WEAK]
  507 000000AA E7FE            B                .
  508 000000AC                 ENDP
  509 000000AC         
  511 000000AC         UART2_Handler
                               PROC
  512 000000AC                 EXPORT           UART2_Handler [WEAK]
  513 000000AC E7FE            B                .
  514 000000AE                 ENDP
  515 000000AE         
  517 000000AE         SSI1_Handler
                               PROC
  518 000000AE                 EXPORT           SSI1_Handler [WEAK]
  519 000000AE E7FE            B                .
  520 000000B0                 ENDP
  521 000000B0         
  523 000000B0         TIMER3A_Handler
                               PROC
  524 000000B0                 EXPORT           TIMER3A_Handler [WEAK]
  525 000000B0 E7FE            B                .
  526 000000B2                 ENDP
  527 000000B2         
  529 000000B2         TIMER3B_Handler



ARM Macro Assembler    Page 13 


                               PROC
  530 000000B2                 EXPORT           TIMER3B_Handler [WEAK]
  531 000000B2 E7FE            B                .
  532 000000B4                 ENDP
  533 000000B4         
  535 000000B4         I2C1_Handler
                               PROC
  536 000000B4                 EXPORT           I2C1_Handler [WEAK]
  537 000000B4 E7FE            B                .
  538 000000B6                 ENDP
  539 000000B6         
  541 000000B6         CAN0_Handler
                               PROC
  542 000000B6                 EXPORT           CAN0_Handler [WEAK]
  543 000000B6 E7FE            B                .
  544 000000B8                 ENDP
  545 000000B8         
  547 000000B8         CAN1_Handler
                               PROC
  548 000000B8                 EXPORT           CAN1_Handler [WEAK]
  549 000000B8 E7FE            B                .
  550 000000BA                 ENDP
  551 000000BA         
  553 000000BA         ETH_Handler
                               PROC
  554 000000BA                 EXPORT           ETH_Handler [WEAK]
  555 000000BA E7FE            B                .
  556 000000BC                 ENDP
  557 000000BC         
  559 000000BC         HIB_Handler
                               PROC
  560 000000BC                 EXPORT           HIB_Handler [WEAK]
  561 000000BC E7FE            B                .
  562 000000BE                 ENDP
  563 000000BE         
  565 000000BE         USB0_Handler
                               PROC
  566 000000BE                 EXPORT           USB0_Handler [WEAK]
  567 000000BE E7FE            B                .
  568 000000C0                 ENDP
  569 000000C0         
  571 000000C0         PWM0_3_Handler
                               PROC
  572 000000C0                 EXPORT           PWM0_3_Handler [WEAK]
  573 000000C0 E7FE            B                .
  574 000000C2                 ENDP
  575 000000C2         
  577 000000C2         UDMA_Handler
                               PROC
  578 000000C2                 EXPORT           UDMA_Handler [WEAK]
  579 000000C2 E7FE            B                .
  580 000000C4                 ENDP
  581 000000C4         
  583 000000C4         UDMAERR_Handler
                               PROC
  584 000000C4                 EXPORT           UDMAERR_Handler [WEAK]
  585 000000C4 E7FE            B                .
  586 000000C6                 ENDP
  587 000000C6         



ARM Macro Assembler    Page 14 


  589 000000C6         ADC1SS0_Handler
                               PROC
  590 000000C6                 EXPORT           ADC1SS0_Handler [WEAK]
  591 000000C6 E7FE            B                .
  592 000000C8                 ENDP
  593 000000C8         
  595 000000C8         ADC1SS1_Handler
                               PROC
  596 000000C8                 EXPORT           ADC1SS1_Handler [WEAK]
  597 000000C8 E7FE            B                .
  598 000000CA                 ENDP
  599 000000CA         
  601 000000CA         ADC1SS2_Handler
                               PROC
  602 000000CA                 EXPORT           ADC1SS2_Handler [WEAK]
  603 000000CA E7FE            B                .
  604 000000CC                 ENDP
  605 000000CC         
  607 000000CC         ADC1SS3_Handler
                               PROC
  608 000000CC                 EXPORT           ADC1SS3_Handler [WEAK]
  609 000000CC E7FE            B                .
  610 000000CE                 ENDP
  611 000000CE         
  613 000000CE         EBI0_Handler
                               PROC
  614 000000CE                 EXPORT           EBI0_Handler [WEAK]
  615 000000CE E7FE            B                .
  616 000000D0                 ENDP
  617 000000D0         
  619 000000D0         GPIOJ_Handler
                               PROC
  620 000000D0                 EXPORT           GPIOJ_Handler [WEAK]
  621 000000D0 E7FE            B                .
  622 000000D2                 ENDP
  623 000000D2         
  625 000000D2         GPIOK_Handler
                               PROC
  626 000000D2                 EXPORT           GPIOK_Handler [WEAK]
  627 000000D2 E7FE            B                .
  628 000000D4                 ENDP
  629 000000D4         
  631 000000D4         GPIOL_Handler
                               PROC
  632 000000D4                 EXPORT           GPIOL_Handler [WEAK]
  633 000000D4 E7FE            B                .
  634 000000D6                 ENDP
  635 000000D6         
  637 000000D6         SSI2_Handler
                               PROC
  638 000000D6                 EXPORT           SSI2_Handler [WEAK]
  639 000000D6 E7FE            B                .
  640 000000D8                 ENDP
  641 000000D8         
  643 000000D8         SSI3_Handler
                               PROC
  644 000000D8                 EXPORT           SSI3_Handler [WEAK]
  645 000000D8 E7FE            B                .
  646 000000DA                 ENDP



ARM Macro Assembler    Page 15 


  647 000000DA         
  649 000000DA         UART3_Handler
                               PROC
  650 000000DA                 EXPORT           UART3_Handler [WEAK]
  651 000000DA E7FE            B                .
  652 000000DC                 ENDP
  653 000000DC         
  655 000000DC         UART4_Handler
                               PROC
  656 000000DC                 EXPORT           UART4_Handler [WEAK]
  657 000000DC E7FE            B                .
  658 000000DE                 ENDP
  659 000000DE         
  661 000000DE         UART5_Handler
                               PROC
  662 000000DE                 EXPORT           UART5_Handler [WEAK]
  663 000000DE E7FE            B                .
  664 000000E0                 ENDP
  665 000000E0         
  667 000000E0         UART6_Handler
                               PROC
  668 000000E0                 EXPORT           UART6_Handler [WEAK]
  669 000000E0 E7FE            B                .
  670 000000E2                 ENDP
  671 000000E2         
  673 000000E2         UART7_Handler
                               PROC
  674 000000E2                 EXPORT           UART7_Handler [WEAK]
  675 000000E2 E7FE            B                .
  676 000000E4                 ENDP
  677 000000E4         
  679 000000E4         I2C2_Handler
                               PROC
  680 000000E4                 EXPORT           I2C2_Handler [WEAK]
  681 000000E4 E7FE            B                .
  682 000000E6                 ENDP
  683 000000E6         
  685 000000E6         I2C3_Handler
                               PROC
  686 000000E6                 EXPORT           I2C3_Handler [WEAK]
  687 000000E6 E7FE            B                .
  688 000000E8                 ENDP
  689 000000E8         
  691 000000E8         TIMER4A_Handler
                               PROC
  692 000000E8                 EXPORT           TIMER4A_Handler [WEAK]
  693 000000E8 E7FE            B                .
  694 000000EA                 ENDP
  695 000000EA         
  697 000000EA         TIMER4B_Handler
                               PROC
  698 000000EA                 EXPORT           TIMER4B_Handler [WEAK]
  699 000000EA E7FE            B                .
  700 000000EC                 ENDP
  701 000000EC         
  703 000000EC         TIMER5A_Handler
                               PROC
  704 000000EC                 EXPORT           TIMER5A_Handler [WEAK]
  705 000000EC E7FE            B                .



ARM Macro Assembler    Page 16 


  706 000000EE                 ENDP
  707 000000EE         
  709 000000EE         TIMER5B_Handler
                               PROC
  710 000000EE                 EXPORT           TIMER5B_Handler [WEAK]
  711 000000EE E7FE            B                .
  712 000000F0                 ENDP
  713 000000F0         
  715 000000F0         WTIMER0A_Handler
                               PROC
  716 000000F0                 EXPORT           WTIMER0A_Handler [WEAK]
  717 000000F0 E7FE            B                .
  718 000000F2                 ENDP
  719 000000F2         
  721 000000F2         WTIMER0B_Handler
                               PROC
  722 000000F2                 EXPORT           WTIMER0B_Handler [WEAK]
  723 000000F2 E7FE            B                .
  724 000000F4                 ENDP
  725 000000F4         
  727 000000F4         WTIMER1A_Handler
                               PROC
  728 000000F4                 EXPORT           WTIMER1A_Handler [WEAK]
  729 000000F4 E7FE            B                .
  730 000000F6                 ENDP
  731 000000F6         
  733 000000F6         WTIMER1B_Handler
                               PROC
  734 000000F6                 EXPORT           WTIMER1B_Handler [WEAK]
  735 000000F6 E7FE            B                .
  736 000000F8                 ENDP
  737 000000F8         
  739 000000F8         WTIMER2A_Handler
                               PROC
  740 000000F8                 EXPORT           WTIMER2A_Handler [WEAK]
  741 000000F8 E7FE            B                .
  742 000000FA                 ENDP
  743 000000FA         
  745 000000FA         WTIMER2B_Handler
                               PROC
  746 000000FA                 EXPORT           WTIMER2B_Handler [WEAK]
  747 000000FA E7FE            B                .
  748 000000FC                 ENDP
  749 000000FC         
  751 000000FC         WTIMER3A_Handler
                               PROC
  752 000000FC                 EXPORT           WTIMER3A_Handler [WEAK]
  753 000000FC E7FE            B                .
  754 000000FE                 ENDP
  755 000000FE         
  757 000000FE         WTIMER3B_Handler
                               PROC
  758 000000FE                 EXPORT           WTIMER3B_Handler [WEAK]
  759 000000FE E7FE            B                .
  760 00000100                 ENDP
  761 00000100         
  763 00000100         WTIMER4A_Handler
                               PROC
  764 00000100                 EXPORT           WTIMER4A_Handler [WEAK]



ARM Macro Assembler    Page 17 


  765 00000100 E7FE            B                .
  766 00000102                 ENDP
  767 00000102         
  769 00000102         WTIMER4B_Handler
                               PROC
  770 00000102                 EXPORT           WTIMER4B_Handler [WEAK]
  771 00000102 E7FE            B                .
  772 00000104                 ENDP
  773 00000104         
  775 00000104         WTIMER5A_Handler
                               PROC
  776 00000104                 EXPORT           WTIMER5A_Handler [WEAK]
  777 00000104 E7FE            B                .
  778 00000106                 ENDP
  779 00000106         
  781 00000106         WTIMER5B_Handler
                               PROC
  782 00000106                 EXPORT           WTIMER5B_Handler [WEAK]
  783 00000106 E7FE            B                .
  784 00000108                 ENDP
  785 00000108         
  787 00000108         FPU_Handler
                               PROC
  788 00000108                 EXPORT           FPU_Handler [WEAK]
  789 00000108 E7FE            B                .
  790 0000010A                 ENDP
  791 0000010A         
  793 0000010A         I2C4_Handler
                               PROC
  794 0000010A                 EXPORT           I2C4_Handler [WEAK]
  795 0000010A E7FE            B                .
  796 0000010C                 ENDP
  797 0000010C         
  799 0000010C         I2C5_Handler
                               PROC
  800 0000010C                 EXPORT           I2C5_Handler [WEAK]
  801 0000010C E7FE            B                .
  802 0000010E                 ENDP
  803 0000010E         
  805 0000010E         GPIOM_Handler
                               PROC
  806 0000010E                 EXPORT           GPIOM_Handler [WEAK]
  807 0000010E E7FE            B                .
  808 00000110                 ENDP
  809 00000110         
  811 00000110         GPION_Handler
                               PROC
  812 00000110                 EXPORT           GPION_Handler [WEAK]
  813 00000110 E7FE            B                .
  814 00000112                 ENDP
  815 00000112         
  817 00000112         TAMPER_Handler
                               PROC
  818 00000112                 EXPORT           TAMPER_Handler [WEAK]
  819 00000112 E7FE            B                .
  820 00000114                 ENDP
  821 00000114         
  823 00000114         GPIOP0_Handler
                               PROC



ARM Macro Assembler    Page 18 


  824 00000114                 EXPORT           GPIOP0_Handler [WEAK]
  825 00000114 E7FE            B                .
  826 00000116                 ENDP
  827 00000116         
  829 00000116         GPIOP1_Handler
                               PROC
  830 00000116                 EXPORT           GPIOP1_Handler [WEAK]
  831 00000116 E7FE            B                .
  832 00000118                 ENDP
  833 00000118         
  835 00000118         GPIOP2_Handler
                               PROC
  836 00000118                 EXPORT           GPIOP2_Handler [WEAK]
  837 00000118 E7FE            B                .
  838 0000011A                 ENDP
  839 0000011A         
  841 0000011A         GPIOP3_Handler
                               PROC
  842 0000011A                 EXPORT           GPIOP3_Handler [WEAK]
  843 0000011A E7FE            B                .
  844 0000011C                 ENDP
  845 0000011C         
  847 0000011C         GPIOP4_Handler
                               PROC
  848 0000011C                 EXPORT           GPIOP4_Handler [WEAK]
  849 0000011C E7FE            B                .
  850 0000011E                 ENDP
  851 0000011E         
  853 0000011E         GPIOP5_Handler
                               PROC
  854 0000011E                 EXPORT           GPIOP5_Handler [WEAK]
  855 0000011E E7FE            B                .
  856 00000120                 ENDP
  857 00000120         
  859 00000120         GPIOP6_Handler
                               PROC
  860 00000120                 EXPORT           GPIOP6_Handler [WEAK]
  861 00000120 E7FE            B                .
  862 00000122                 ENDP
  863 00000122         
  865 00000122         GPIOP7_Handler
                               PROC
  866 00000122                 EXPORT           GPIOP7_Handler [WEAK]
  867 00000122 E7FE            B                .
  868 00000124                 ENDP
  869 00000124         
  871 00000124         GPIOQ0_Handler
                               PROC
  872 00000124                 EXPORT           GPIOQ0_Handler [WEAK]
  873 00000124 E7FE            B                .
  874 00000126                 ENDP
  875 00000126         
  877 00000126         GPIOQ1_Handler
                               PROC
  878 00000126                 EXPORT           GPIOQ1_Handler [WEAK]
  879 00000126 E7FE            B                .
  880 00000128                 ENDP
  881 00000128         
  883 00000128         GPIOQ2_Handler



ARM Macro Assembler    Page 19 


                               PROC
  884 00000128                 EXPORT           GPIOQ2_Handler [WEAK]
  885 00000128 E7FE            B                .
  886 0000012A                 ENDP
  887 0000012A         
  889 0000012A         GPIOQ3_Handler
                               PROC
  890 0000012A                 EXPORT           GPIOQ3_Handler [WEAK]
  891 0000012A E7FE            B                .
  892 0000012C                 ENDP
  893 0000012C         
  895 0000012C         GPIOQ4_Handler
                               PROC
  896 0000012C                 EXPORT           GPIOQ4_Handler [WEAK]
  897 0000012C E7FE            B                .
  898 0000012E                 ENDP
  899 0000012E         
  901 0000012E         GPIOQ5_Handler
                               PROC
  902 0000012E                 EXPORT           GPIOQ5_Handler [WEAK]
  903 0000012E E7FE            B                .
  904 00000130                 ENDP
  905 00000130         
  907 00000130         GPIOQ6_Handler
                               PROC
  908 00000130                 EXPORT           GPIOQ6_Handler [WEAK]
  909 00000130 E7FE            B                .
  910 00000132                 ENDP
  911 00000132         
  913 00000132         GPIOQ7_Handler
                               PROC
  914 00000132                 EXPORT           GPIOQ7_Handler [WEAK]
  915 00000132 E7FE            B                .
  916 00000134                 ENDP
  917 00000134         
  919 00000134         GPIOR_Handler
                               PROC
  920 00000134                 EXPORT           GPIOR_Handler [WEAK]
  921 00000134 E7FE            B                .
  922 00000136                 ENDP
  923 00000136         
  925 00000136         GPIOS_Handler
                               PROC
  926 00000136                 EXPORT           GPIOS_Handler [WEAK]
  927 00000136 E7FE            B                .
  928 00000138                 ENDP
  929 00000138         
  931 00000138         SHAMD5_Handler
                               PROC
  932 00000138                 EXPORT           SHAMD5_Handler [WEAK]
  933 00000138 E7FE            B                .
  934 0000013A                 ENDP
  935 0000013A         
  937 0000013A         AES_Handler
                               PROC
  938 0000013A                 EXPORT           AES_Handler [WEAK]
  939 0000013A E7FE            B                .
  940 0000013C                 ENDP
  941 0000013C         



ARM Macro Assembler    Page 20 


  943 0000013C         DES3DES_Handler
                               PROC
  944 0000013C                 EXPORT           DES3DES_Handler [WEAK]
  945 0000013C E7FE            B                .
  946 0000013E                 ENDP
  947 0000013E         
  949 0000013E         LCDCONTROLLER_Handler
                               PROC
  950 0000013E                 EXPORT           LCDCONTROLLER_Handler [WEAK]
  951 0000013E E7FE            B                .
  952 00000140                 ENDP
  953 00000140         
  955 00000140         TIMER6A_Handler
                               PROC
  956 00000140                 EXPORT           TIMER6A_Handler [WEAK]
  957 00000140 E7FE            B                .
  958 00000142                 ENDP
  959 00000142         
  961 00000142         TIMER6B_Handler
                               PROC
  962 00000142                 EXPORT           TIMER6B_Handler [WEAK]
  963 00000142 E7FE            B                .
  964 00000144                 ENDP
  965 00000144         
  967 00000144         TIMER7A_Handler
                               PROC
  968 00000144                 EXPORT           TIMER7A_Handler [WEAK]
  969 00000144 E7FE            B                .
  970 00000146                 ENDP
  971 00000146         
  973 00000146         TIMER7B_Handler
                               PROC
  974 00000146                 EXPORT           TIMER7B_Handler [WEAK]
  975 00000146 E7FE            B                .
  976 00000148                 ENDP
  977 00000148         
  979 00000148         I2C6_Handler
                               PROC
  980 00000148                 EXPORT           I2C6_Handler [WEAK]
  981 00000148 E7FE            B                .
  982 0000014A                 ENDP
  983 0000014A         
  985 0000014A         I2C7_Handler
                               PROC
  986 0000014A                 EXPORT           I2C7_Handler [WEAK]
  987 0000014A E7FE            B                .
  988 0000014C                 ENDP
  989 0000014C         
  991 0000014C         HIMSCANKEYBOARD_Handler
                               PROC
  992 0000014C                 EXPORT           HIMSCANKEYBOARD_Handler [WEAK]
  993 0000014C E7FE            B                .
  994 0000014E                 ENDP
  995 0000014E         
  997 0000014E         ONEWIRE_Handler
                               PROC
  998 0000014E                 EXPORT           ONEWIRE_Handler [WEAK]
  999 0000014E E7FE            B                .
 1000 00000150                 ENDP



ARM Macro Assembler    Page 21 


 1001 00000150         
 1003 00000150         HIMPS2_Handler
                               PROC
 1004 00000150                 EXPORT           HIMPS2_Handler [WEAK]
 1005 00000150 E7FE            B                .
 1006 00000152                 ENDP
 1007 00000152         
 1009 00000152         HIMLEDSEQUENCER_Handler
                               PROC
 1010 00000152                 EXPORT           HIMLEDSEQUENCER_Handler [WEAK]
 1011 00000152 E7FE            B                .
 1012 00000154                 ENDP
 1013 00000154         
 1015 00000154         HIMCONSUMERIR_Handler
                               PROC
 1016 00000154                 EXPORT           HIMCONSUMERIR_Handler [WEAK]
 1017 00000154 E7FE            B                .
 1018 00000156                 ENDP
 1019 00000156         
 1021 00000156         I2C8_Handler
                               PROC
 1022 00000156                 EXPORT           I2C8_Handler [WEAK]
 1023 00000156 E7FE            B                .
 1024 00000158                 ENDP
 1025 00000158         
 1027 00000158         I2C9_Handler
                               PROC
 1028 00000158                 EXPORT           I2C9_Handler [WEAK]
 1029 00000158 E7FE            B                .
 1030 0000015A                 ENDP
 1031 0000015A         
 1033 0000015A         GPIOT_Handler
                               PROC
 1034 0000015A                 EXPORT           GPIOT_Handler [WEAK]
 1035 0000015A E7FE            B                .
 1036 0000015C                 ENDP
 1037 0000015C         
 1038 0000015C         
 1039 0000015C                 ALIGN
 1040 0000015C         
 1041 0000015C         
 1042 0000015C         ; User Initial Stack & Heap
 1043 0000015C         
 1044 0000015C                 IF               :DEF:__MICROLIB
 1051 0000015C         
 1052 0000015C                 IMPORT           __use_two_region_memory
 1053 0000015C                 EXPORT           __user_initial_stackheap
 1054 0000015C         __user_initial_stackheap
 1055 0000015C         
 1056 0000015C 480B            LDR              R0, =  Heap_Mem
 1057 0000015E 490C            LDR              R1, =(Thread_Stack_Mem + Thread
_Stack_Size)
 1058 00000160 4A0C            LDR              R2, = (Heap_Mem +  Heap_Size)
 1059 00000162 4B0D            LDR              R3, = Thread_Stack_Mem
 1060 00000164 4770            BX               LR
 1061 00000166         
 1062 00000166 00 00           ALIGN
 1063 00000168         
 1064 00000168                 ENDIF



ARM Macro Assembler    Page 22 


 1065 00000168         
 1066 00000168         
 1067 00000168                 END
              00000000 
              00000000 
              00000000 
              00000000 
              00000000 
              00000000 
              00000000 
              00000000 
              00000000 
              00000000 
              00000800 
              00005000 
              00000000 
Command Line: --debug --xref --diag_suppress=9931 --cpu=Cortex-M4.fp --apcs=int
erwork --depend=.\startup_tm4c129_1.d -o.\startup_tm4c129_1.o -I.\RTE\_Target_1
 -I"C:\Program Files\Keil\ARM\PACK\ARM\CMSIS\5.9.0\CMSIS\Core\Include" -I"C:\Pr
ogram Files\Keil\ARM\PACK\Keil\TM4C_DFP\1.1.0\Device\Include\TM4C129" --predefi
ne="__EVAL SETA 1" --predefine="__UVISION_VERSION SETA 526" --predefine="_RTE_ 
SETA 1" --predefine="TM4C129XNCZAD SETA 1" --list=.\startup_tm4c129.lst RTE\Dev
ice\TM4C129XNCZAD\startup_TM4C129.s



ARM Macro Assembler    Page 1 Alphabetic symbol ordering
Relocatable symbols

HEAP 00000000

Symbol: HEAP
   Definitions
      At line 34 in file RTE\Device\TM4C129XNCZAD\startup_TM4C129.s
   Uses
      None
Comment: HEAP unused
Heap_Mem 00000000

Symbol: Heap_Mem
   Definitions
      At line 36 in file RTE\Device\TM4C129XNCZAD\startup_TM4C129.s
   Uses
      At line 1056 in file RTE\Device\TM4C129XNCZAD\startup_TM4C129.s
      At line 1058 in file RTE\Device\TM4C129XNCZAD\startup_TM4C129.s

__heap_base 00000000

Symbol: __heap_base
   Definitions
      At line 35 in file RTE\Device\TM4C129XNCZAD\startup_TM4C129.s
   Uses
      None
Comment: __heap_base unused
__heap_limit 00005000

Symbol: __heap_limit
   Definitions
      At line 37 in file RTE\Device\TM4C129XNCZAD\startup_TM4C129.s
   Uses
      None
Comment: __heap_limit unused
4 symbols



ARM Macro Assembler    Page 1 Alphabetic symbol ordering
Relocatable symbols

Handler_Stack_Mem 00000800

Symbol: Handler_Stack_Mem
   Definitions
      At line 50 in file RTE\Device\TM4C129XNCZAD\startup_TM4C129.s
   Uses
      None
Comment: Handler_Stack_Mem unused
STACK 00000000

Symbol: STACK
   Definitions
      At line 46 in file RTE\Device\TM4C129XNCZAD\startup_TM4C129.s
   Uses
      None
Comment: STACK unused
Thread_Stack_Mem 00000000

Symbol: Thread_Stack_Mem
   Definitions
      At line 48 in file RTE\Device\TM4C129XNCZAD\startup_TM4C129.s
   Uses
      At line 1057 in file RTE\Device\TM4C129XNCZAD\startup_TM4C129.s
      At line 1059 in file RTE\Device\TM4C129XNCZAD\startup_TM4C129.s

__initial_sp 00001000

Symbol: __initial_sp
   Definitions
      At line 51 in file RTE\Device\TM4C129XNCZAD\startup_TM4C129.s
   Uses
      At line 64 in file RTE\Device\TM4C129XNCZAD\startup_TM4C129.s
      At line 212 in file RTE\Device\TM4C129XNCZAD\startup_TM4C129.s

__initial_user_sp 00000800

Symbol: __initial_user_sp
   Definitions
      At line 49 in file RTE\Device\TM4C129XNCZAD\startup_TM4C129.s
   Uses
      At line 234 in file RTE\Device\TM4C129XNCZAD\startup_TM4C129.s
Comment: __initial_user_sp used once
5 symbols



ARM Macro Assembler    Page 1 Alphabetic symbol ordering
Relocatable symbols

RESET 00000000

Symbol: RESET
   Definitions
      At line 59 in file RTE\Device\TM4C129XNCZAD\startup_TM4C129.s
   Uses
      None
Comment: RESET unused
__Vectors 00000000

Symbol: __Vectors
   Definitions
      At line 64 in file RTE\Device\TM4C129XNCZAD\startup_TM4C129.s
   Uses
      At line 60 in file RTE\Device\TM4C129XNCZAD\startup_TM4C129.s
      At line 198 in file RTE\Device\TM4C129XNCZAD\startup_TM4C129.s

__Vectors_End 00000200

Symbol: __Vectors_End
   Definitions
      At line 196 in file RTE\Device\TM4C129XNCZAD\startup_TM4C129.s
   Uses
      At line 61 in file RTE\Device\TM4C129XNCZAD\startup_TM4C129.s
      At line 198 in file RTE\Device\TM4C129XNCZAD\startup_TM4C129.s

3 symbols



ARM Macro Assembler    Page 1 Alphabetic symbol ordering
Relocatable symbols

.text 00000000

Symbol: .text
   Definitions
      At line 200 in file RTE\Device\TM4C129XNCZAD\startup_TM4C129.s
   Uses
      None
Comment: .text unused
ADC0SS0_Handler 00000086

Symbol: ADC0SS0_Handler
   Definitions
      At line 397 in file RTE\Device\TM4C129XNCZAD\startup_TM4C129.s
   Uses
      At line 97 in file RTE\Device\TM4C129XNCZAD\startup_TM4C129.s
      At line 398 in file RTE\Device\TM4C129XNCZAD\startup_TM4C129.s

ADC0SS1_Handler 00000088

Symbol: ADC0SS1_Handler
   Definitions
      At line 403 in file RTE\Device\TM4C129XNCZAD\startup_TM4C129.s
   Uses
      At line 98 in file RTE\Device\TM4C129XNCZAD\startup_TM4C129.s
      At line 404 in file RTE\Device\TM4C129XNCZAD\startup_TM4C129.s

ADC0SS2_Handler 0000008A

Symbol: ADC0SS2_Handler
   Definitions
      At line 409 in file RTE\Device\TM4C129XNCZAD\startup_TM4C129.s
   Uses
      At line 99 in file RTE\Device\TM4C129XNCZAD\startup_TM4C129.s
      At line 410 in file RTE\Device\TM4C129XNCZAD\startup_TM4C129.s

ADC0SS3_Handler 0000008C

Symbol: ADC0SS3_Handler
   Definitions
      At line 415 in file RTE\Device\TM4C129XNCZAD\startup_TM4C129.s
   Uses
      At line 100 in file RTE\Device\TM4C129XNCZAD\startup_TM4C129.s
      At line 416 in file RTE\Device\TM4C129XNCZAD\startup_TM4C129.s

ADC1SS0_Handler 000000C6

Symbol: ADC1SS0_Handler
   Definitions
      At line 589 in file RTE\Device\TM4C129XNCZAD\startup_TM4C129.s
   Uses
      At line 129 in file RTE\Device\TM4C129XNCZAD\startup_TM4C129.s
      At line 590 in file RTE\Device\TM4C129XNCZAD\startup_TM4C129.s

ADC1SS1_Handler 000000C8

Symbol: ADC1SS1_Handler
   Definitions
      At line 595 in file RTE\Device\TM4C129XNCZAD\startup_TM4C129.s
   Uses



ARM Macro Assembler    Page 2 Alphabetic symbol ordering
Relocatable symbols

      At line 130 in file RTE\Device\TM4C129XNCZAD\startup_TM4C129.s
      At line 596 in file RTE\Device\TM4C129XNCZAD\startup_TM4C129.s

ADC1SS2_Handler 000000CA

Symbol: ADC1SS2_Handler
   Definitions
      At line 601 in file RTE\Device\TM4C129XNCZAD\startup_TM4C129.s
   Uses
      At line 131 in file RTE\Device\TM4C129XNCZAD\startup_TM4C129.s
      At line 602 in file RTE\Device\TM4C129XNCZAD\startup_TM4C129.s

ADC1SS3_Handler 000000CC

Symbol: ADC1SS3_Handler
   Definitions
      At line 607 in file RTE\Device\TM4C129XNCZAD\startup_TM4C129.s
   Uses
      At line 132 in file RTE\Device\TM4C129XNCZAD\startup_TM4C129.s
      At line 608 in file RTE\Device\TM4C129XNCZAD\startup_TM4C129.s

AES_Handler 0000013A

Symbol: AES_Handler
   Definitions
      At line 937 in file RTE\Device\TM4C129XNCZAD\startup_TM4C129.s
   Uses
      At line 178 in file RTE\Device\TM4C129XNCZAD\startup_TM4C129.s
      At line 938 in file RTE\Device\TM4C129XNCZAD\startup_TM4C129.s

BusFault_Handler 0000003C

Symbol: BusFault_Handler
   Definitions
      At line 261 in file RTE\Device\TM4C129XNCZAD\startup_TM4C129.s
   Uses
      At line 69 in file RTE\Device\TM4C129XNCZAD\startup_TM4C129.s
      At line 262 in file RTE\Device\TM4C129XNCZAD\startup_TM4C129.s

CAN0_Handler 000000B6

Symbol: CAN0_Handler
   Definitions
      At line 541 in file RTE\Device\TM4C129XNCZAD\startup_TM4C129.s
   Uses
      At line 121 in file RTE\Device\TM4C129XNCZAD\startup_TM4C129.s
      At line 542 in file RTE\Device\TM4C129XNCZAD\startup_TM4C129.s

CAN1_Handler 000000B8

Symbol: CAN1_Handler
   Definitions
      At line 547 in file RTE\Device\TM4C129XNCZAD\startup_TM4C129.s
   Uses
      At line 122 in file RTE\Device\TM4C129XNCZAD\startup_TM4C129.s
      At line 548 in file RTE\Device\TM4C129XNCZAD\startup_TM4C129.s

COMP0_Handler 0000009C




ARM Macro Assembler    Page 3 Alphabetic symbol ordering
Relocatable symbols

Symbol: COMP0_Handler
   Definitions
      At line 463 in file RTE\Device\TM4C129XNCZAD\startup_TM4C129.s
   Uses
      At line 108 in file RTE\Device\TM4C129XNCZAD\startup_TM4C129.s
      At line 464 in file RTE\Device\TM4C129XNCZAD\startup_TM4C129.s

COMP1_Handler 0000009E

Symbol: COMP1_Handler
   Definitions
      At line 469 in file RTE\Device\TM4C129XNCZAD\startup_TM4C129.s
   Uses
      At line 109 in file RTE\Device\TM4C129XNCZAD\startup_TM4C129.s
      At line 470 in file RTE\Device\TM4C129XNCZAD\startup_TM4C129.s

COMP2_Handler 000000A0

Symbol: COMP2_Handler
   Definitions
      At line 475 in file RTE\Device\TM4C129XNCZAD\startup_TM4C129.s
   Uses
      At line 110 in file RTE\Device\TM4C129XNCZAD\startup_TM4C129.s
      At line 476 in file RTE\Device\TM4C129XNCZAD\startup_TM4C129.s

DES3DES_Handler 0000013C

Symbol: DES3DES_Handler
   Definitions
      At line 943 in file RTE\Device\TM4C129XNCZAD\startup_TM4C129.s
   Uses
      At line 179 in file RTE\Device\TM4C129XNCZAD\startup_TM4C129.s
      At line 944 in file RTE\Device\TM4C129XNCZAD\startup_TM4C129.s

DebugMon_Handler 00000052

Symbol: DebugMon_Handler
   Definitions
      At line 286 in file RTE\Device\TM4C129XNCZAD\startup_TM4C129.s
   Uses
      At line 76 in file RTE\Device\TM4C129XNCZAD\startup_TM4C129.s
      At line 287 in file RTE\Device\TM4C129XNCZAD\startup_TM4C129.s

EBI0_Handler 000000CE

Symbol: EBI0_Handler
   Definitions
      At line 613 in file RTE\Device\TM4C129XNCZAD\startup_TM4C129.s
   Uses
      At line 133 in file RTE\Device\TM4C129XNCZAD\startup_TM4C129.s
      At line 614 in file RTE\Device\TM4C129XNCZAD\startup_TM4C129.s

ETH_Handler 000000BA

Symbol: ETH_Handler
   Definitions
      At line 553 in file RTE\Device\TM4C129XNCZAD\startup_TM4C129.s
   Uses
      At line 123 in file RTE\Device\TM4C129XNCZAD\startup_TM4C129.s



ARM Macro Assembler    Page 4 Alphabetic symbol ordering
Relocatable symbols

      At line 554 in file RTE\Device\TM4C129XNCZAD\startup_TM4C129.s

FLASH_Handler 000000A4

Symbol: FLASH_Handler
   Definitions
      At line 487 in file RTE\Device\TM4C129XNCZAD\startup_TM4C129.s
   Uses
      At line 112 in file RTE\Device\TM4C129XNCZAD\startup_TM4C129.s
      At line 488 in file RTE\Device\TM4C129XNCZAD\startup_TM4C129.s

FPU_Handler 00000108

Symbol: FPU_Handler
   Definitions
      At line 787 in file RTE\Device\TM4C129XNCZAD\startup_TM4C129.s
   Uses
      At line 150 in file RTE\Device\TM4C129XNCZAD\startup_TM4C129.s
      At line 788 in file RTE\Device\TM4C129XNCZAD\startup_TM4C129.s

GPIOA_Handler 0000006A

Symbol: GPIOA_Handler
   Definitions
      At line 313 in file RTE\Device\TM4C129XNCZAD\startup_TM4C129.s
   Uses
      At line 83 in file RTE\Device\TM4C129XNCZAD\startup_TM4C129.s
      At line 314 in file RTE\Device\TM4C129XNCZAD\startup_TM4C129.s

GPIOB_Handler 0000006C

Symbol: GPIOB_Handler
   Definitions
      At line 319 in file RTE\Device\TM4C129XNCZAD\startup_TM4C129.s
   Uses
      At line 84 in file RTE\Device\TM4C129XNCZAD\startup_TM4C129.s
      At line 320 in file RTE\Device\TM4C129XNCZAD\startup_TM4C129.s

GPIOC_Handler 0000006E

Symbol: GPIOC_Handler
   Definitions
      At line 325 in file RTE\Device\TM4C129XNCZAD\startup_TM4C129.s
   Uses
      At line 85 in file RTE\Device\TM4C129XNCZAD\startup_TM4C129.s
      At line 326 in file RTE\Device\TM4C129XNCZAD\startup_TM4C129.s

GPIOD_Handler 00000070

Symbol: GPIOD_Handler
   Definitions
      At line 331 in file RTE\Device\TM4C129XNCZAD\startup_TM4C129.s
   Uses
      At line 86 in file RTE\Device\TM4C129XNCZAD\startup_TM4C129.s
      At line 332 in file RTE\Device\TM4C129XNCZAD\startup_TM4C129.s

GPIOE_Handler 00000072

Symbol: GPIOE_Handler



ARM Macro Assembler    Page 5 Alphabetic symbol ordering
Relocatable symbols

   Definitions
      At line 337 in file RTE\Device\TM4C129XNCZAD\startup_TM4C129.s
   Uses
      At line 87 in file RTE\Device\TM4C129XNCZAD\startup_TM4C129.s
      At line 338 in file RTE\Device\TM4C129XNCZAD\startup_TM4C129.s

GPIOF_Handler 000000A6

Symbol: GPIOF_Handler
   Definitions
      At line 493 in file RTE\Device\TM4C129XNCZAD\startup_TM4C129.s
   Uses
      At line 113 in file RTE\Device\TM4C129XNCZAD\startup_TM4C129.s
      At line 494 in file RTE\Device\TM4C129XNCZAD\startup_TM4C129.s

GPIOG_Handler 000000A8

Symbol: GPIOG_Handler
   Definitions
      At line 499 in file RTE\Device\TM4C129XNCZAD\startup_TM4C129.s
   Uses
      At line 114 in file RTE\Device\TM4C129XNCZAD\startup_TM4C129.s
      At line 500 in file RTE\Device\TM4C129XNCZAD\startup_TM4C129.s

GPIOH_Handler 000000AA

Symbol: GPIOH_Handler
   Definitions
      At line 505 in file RTE\Device\TM4C129XNCZAD\startup_TM4C129.s
   Uses
      At line 115 in file RTE\Device\TM4C129XNCZAD\startup_TM4C129.s
      At line 506 in file RTE\Device\TM4C129XNCZAD\startup_TM4C129.s

GPIOJ_Handler 000000D0

Symbol: GPIOJ_Handler
   Definitions
      At line 619 in file RTE\Device\TM4C129XNCZAD\startup_TM4C129.s
   Uses
      At line 134 in file RTE\Device\TM4C129XNCZAD\startup_TM4C129.s
      At line 620 in file RTE\Device\TM4C129XNCZAD\startup_TM4C129.s

GPIOK_Handler 000000D2

Symbol: GPIOK_Handler
   Definitions
      At line 625 in file RTE\Device\TM4C129XNCZAD\startup_TM4C129.s
   Uses
      At line 135 in file RTE\Device\TM4C129XNCZAD\startup_TM4C129.s
      At line 626 in file RTE\Device\TM4C129XNCZAD\startup_TM4C129.s

GPIOL_Handler 000000D4

Symbol: GPIOL_Handler
   Definitions
      At line 631 in file RTE\Device\TM4C129XNCZAD\startup_TM4C129.s
   Uses
      At line 136 in file RTE\Device\TM4C129XNCZAD\startup_TM4C129.s
      At line 632 in file RTE\Device\TM4C129XNCZAD\startup_TM4C129.s



ARM Macro Assembler    Page 6 Alphabetic symbol ordering
Relocatable symbols


GPIOM_Handler 0000010E

Symbol: GPIOM_Handler
   Definitions
      At line 805 in file RTE\Device\TM4C129XNCZAD\startup_TM4C129.s
   Uses
      At line 155 in file RTE\Device\TM4C129XNCZAD\startup_TM4C129.s
      At line 806 in file RTE\Device\TM4C129XNCZAD\startup_TM4C129.s

GPION_Handler 00000110

Symbol: GPION_Handler
   Definitions
      At line 811 in file RTE\Device\TM4C129XNCZAD\startup_TM4C129.s
   Uses
      At line 156 in file RTE\Device\TM4C129XNCZAD\startup_TM4C129.s
      At line 812 in file RTE\Device\TM4C129XNCZAD\startup_TM4C129.s

GPIOP0_Handler 00000114

Symbol: GPIOP0_Handler
   Definitions
      At line 823 in file RTE\Device\TM4C129XNCZAD\startup_TM4C129.s
   Uses
      At line 159 in file RTE\Device\TM4C129XNCZAD\startup_TM4C129.s
      At line 824 in file RTE\Device\TM4C129XNCZAD\startup_TM4C129.s

GPIOP1_Handler 00000116

Symbol: GPIOP1_Handler
   Definitions
      At line 829 in file RTE\Device\TM4C129XNCZAD\startup_TM4C129.s
   Uses
      At line 160 in file RTE\Device\TM4C129XNCZAD\startup_TM4C129.s
      At line 830 in file RTE\Device\TM4C129XNCZAD\startup_TM4C129.s

GPIOP2_Handler 00000118

Symbol: GPIOP2_Handler
   Definitions
      At line 835 in file RTE\Device\TM4C129XNCZAD\startup_TM4C129.s
   Uses
      At line 161 in file RTE\Device\TM4C129XNCZAD\startup_TM4C129.s
      At line 836 in file RTE\Device\TM4C129XNCZAD\startup_TM4C129.s

GPIOP3_Handler 0000011A

Symbol: GPIOP3_Handler
   Definitions
      At line 841 in file RTE\Device\TM4C129XNCZAD\startup_TM4C129.s
   Uses
      At line 162 in file RTE\Device\TM4C129XNCZAD\startup_TM4C129.s
      At line 842 in file RTE\Device\TM4C129XNCZAD\startup_TM4C129.s

GPIOP4_Handler 0000011C

Symbol: GPIOP4_Handler
   Definitions



ARM Macro Assembler    Page 7 Alphabetic symbol ordering
Relocatable symbols

      At line 847 in file RTE\Device\TM4C129XNCZAD\startup_TM4C129.s
   Uses
      At line 163 in file RTE\Device\TM4C129XNCZAD\startup_TM4C129.s
      At line 848 in file RTE\Device\TM4C129XNCZAD\startup_TM4C129.s

GPIOP5_Handler 0000011E

Symbol: GPIOP5_Handler
   Definitions
      At line 853 in file RTE\Device\TM4C129XNCZAD\startup_TM4C129.s
   Uses
      At line 164 in file RTE\Device\TM4C129XNCZAD\startup_TM4C129.s
      At line 854 in file RTE\Device\TM4C129XNCZAD\startup_TM4C129.s

GPIOP6_Handler 00000120

Symbol: GPIOP6_Handler
   Definitions
      At line 859 in file RTE\Device\TM4C129XNCZAD\startup_TM4C129.s
   Uses
      At line 165 in file RTE\Device\TM4C129XNCZAD\startup_TM4C129.s
      At line 860 in file RTE\Device\TM4C129XNCZAD\startup_TM4C129.s

GPIOP7_Handler 00000122

Symbol: GPIOP7_Handler
   Definitions
      At line 865 in file RTE\Device\TM4C129XNCZAD\startup_TM4C129.s
   Uses
      At line 166 in file RTE\Device\TM4C129XNCZAD\startup_TM4C129.s
      At line 866 in file RTE\Device\TM4C129XNCZAD\startup_TM4C129.s

GPIOQ0_Handler 00000124

Symbol: GPIOQ0_Handler
   Definitions
      At line 871 in file RTE\Device\TM4C129XNCZAD\startup_TM4C129.s
   Uses
      At line 167 in file RTE\Device\TM4C129XNCZAD\startup_TM4C129.s
      At line 872 in file RTE\Device\TM4C129XNCZAD\startup_TM4C129.s

GPIOQ1_Handler 00000126

Symbol: GPIOQ1_Handler
   Definitions
      At line 877 in file RTE\Device\TM4C129XNCZAD\startup_TM4C129.s
   Uses
      At line 168 in file RTE\Device\TM4C129XNCZAD\startup_TM4C129.s
      At line 878 in file RTE\Device\TM4C129XNCZAD\startup_TM4C129.s

GPIOQ2_Handler 00000128

Symbol: GPIOQ2_Handler
   Definitions
      At line 883 in file RTE\Device\TM4C129XNCZAD\startup_TM4C129.s
   Uses
      At line 169 in file RTE\Device\TM4C129XNCZAD\startup_TM4C129.s
      At line 884 in file RTE\Device\TM4C129XNCZAD\startup_TM4C129.s




ARM Macro Assembler    Page 8 Alphabetic symbol ordering
Relocatable symbols

GPIOQ3_Handler 0000012A

Symbol: GPIOQ3_Handler
   Definitions
      At line 889 in file RTE\Device\TM4C129XNCZAD\startup_TM4C129.s
   Uses
      At line 170 in file RTE\Device\TM4C129XNCZAD\startup_TM4C129.s
      At line 890 in file RTE\Device\TM4C129XNCZAD\startup_TM4C129.s

GPIOQ4_Handler 0000012C

Symbol: GPIOQ4_Handler
   Definitions
      At line 895 in file RTE\Device\TM4C129XNCZAD\startup_TM4C129.s
   Uses
      At line 171 in file RTE\Device\TM4C129XNCZAD\startup_TM4C129.s
      At line 896 in file RTE\Device\TM4C129XNCZAD\startup_TM4C129.s

GPIOQ5_Handler 0000012E

Symbol: GPIOQ5_Handler
   Definitions
      At line 901 in file RTE\Device\TM4C129XNCZAD\startup_TM4C129.s
   Uses
      At line 172 in file RTE\Device\TM4C129XNCZAD\startup_TM4C129.s
      At line 902 in file RTE\Device\TM4C129XNCZAD\startup_TM4C129.s

GPIOQ6_Handler 00000130

Symbol: GPIOQ6_Handler
   Definitions
      At line 907 in file RTE\Device\TM4C129XNCZAD\startup_TM4C129.s
   Uses
      At line 173 in file RTE\Device\TM4C129XNCZAD\startup_TM4C129.s
      At line 908 in file RTE\Device\TM4C129XNCZAD\startup_TM4C129.s

GPIOQ7_Handler 00000132

Symbol: GPIOQ7_Handler
   Definitions
      At line 913 in file RTE\Device\TM4C129XNCZAD\startup_TM4C129.s
   Uses
      At line 174 in file RTE\Device\TM4C129XNCZAD\startup_TM4C129.s
      At line 914 in file RTE\Device\TM4C129XNCZAD\startup_TM4C129.s

GPIOR_Handler 00000134

Symbol: GPIOR_Handler
   Definitions
      At line 919 in file RTE\Device\TM4C129XNCZAD\startup_TM4C129.s
   Uses
      At line 175 in file RTE\Device\TM4C129XNCZAD\startup_TM4C129.s
      At line 920 in file RTE\Device\TM4C129XNCZAD\startup_TM4C129.s

GPIOS_Handler 00000136

Symbol: GPIOS_Handler
   Definitions
      At line 925 in file RTE\Device\TM4C129XNCZAD\startup_TM4C129.s



ARM Macro Assembler    Page 9 Alphabetic symbol ordering
Relocatable symbols

   Uses
      At line 176 in file RTE\Device\TM4C129XNCZAD\startup_TM4C129.s
      At line 926 in file RTE\Device\TM4C129XNCZAD\startup_TM4C129.s

GPIOT_Handler 0000015A

Symbol: GPIOT_Handler
   Definitions
      At line 1033 in file RTE\Device\TM4C129XNCZAD\startup_TM4C129.s
   Uses
      At line 194 in file RTE\Device\TM4C129XNCZAD\startup_TM4C129.s
      At line 1034 in file RTE\Device\TM4C129XNCZAD\startup_TM4C129.s

HIB_Handler 000000BC

Symbol: HIB_Handler
   Definitions
      At line 559 in file RTE\Device\TM4C129XNCZAD\startup_TM4C129.s
   Uses
      At line 124 in file RTE\Device\TM4C129XNCZAD\startup_TM4C129.s
      At line 560 in file RTE\Device\TM4C129XNCZAD\startup_TM4C129.s

HIMCONSUMERIR_Handler 00000154

Symbol: HIMCONSUMERIR_Handler
   Definitions
      At line 1015 in file RTE\Device\TM4C129XNCZAD\startup_TM4C129.s
   Uses
      At line 191 in file RTE\Device\TM4C129XNCZAD\startup_TM4C129.s
      At line 1016 in file RTE\Device\TM4C129XNCZAD\startup_TM4C129.s

HIMLEDSEQUENCER_Handler 00000152

Symbol: HIMLEDSEQUENCER_Handler
   Definitions
      At line 1009 in file RTE\Device\TM4C129XNCZAD\startup_TM4C129.s
   Uses
      At line 190 in file RTE\Device\TM4C129XNCZAD\startup_TM4C129.s
      At line 1010 in file RTE\Device\TM4C129XNCZAD\startup_TM4C129.s

HIMPS2_Handler 00000150

Symbol: HIMPS2_Handler
   Definitions
      At line 1003 in file RTE\Device\TM4C129XNCZAD\startup_TM4C129.s
   Uses
      At line 189 in file RTE\Device\TM4C129XNCZAD\startup_TM4C129.s
      At line 1004 in file RTE\Device\TM4C129XNCZAD\startup_TM4C129.s

HIMSCANKEYBOARD_Handler 0000014C

Symbol: HIMSCANKEYBOARD_Handler
   Definitions
      At line 991 in file RTE\Device\TM4C129XNCZAD\startup_TM4C129.s
   Uses
      At line 187 in file RTE\Device\TM4C129XNCZAD\startup_TM4C129.s
      At line 992 in file RTE\Device\TM4C129XNCZAD\startup_TM4C129.s

HardFault_Handler 00000038



ARM Macro Assembler    Page 10 Alphabetic symbol ordering
Relocatable symbols


Symbol: HardFault_Handler
   Definitions
      At line 251 in file RTE\Device\TM4C129XNCZAD\startup_TM4C129.s
   Uses
      At line 67 in file RTE\Device\TM4C129XNCZAD\startup_TM4C129.s
      At line 252 in file RTE\Device\TM4C129XNCZAD\startup_TM4C129.s

I2C0_Handler 0000007A

Symbol: I2C0_Handler
   Definitions
      At line 361 in file RTE\Device\TM4C129XNCZAD\startup_TM4C129.s
   Uses
      At line 91 in file RTE\Device\TM4C129XNCZAD\startup_TM4C129.s
      At line 362 in file RTE\Device\TM4C129XNCZAD\startup_TM4C129.s

I2C1_Handler 000000B4

Symbol: I2C1_Handler
   Definitions
      At line 535 in file RTE\Device\TM4C129XNCZAD\startup_TM4C129.s
   Uses
      At line 120 in file RTE\Device\TM4C129XNCZAD\startup_TM4C129.s
      At line 536 in file RTE\Device\TM4C129XNCZAD\startup_TM4C129.s

I2C2_Handler 000000E4

Symbol: I2C2_Handler
   Definitions
      At line 679 in file RTE\Device\TM4C129XNCZAD\startup_TM4C129.s
   Uses
      At line 144 in file RTE\Device\TM4C129XNCZAD\startup_TM4C129.s
      At line 680 in file RTE\Device\TM4C129XNCZAD\startup_TM4C129.s

I2C3_Handler 000000E6

Symbol: I2C3_Handler
   Definitions
      At line 685 in file RTE\Device\TM4C129XNCZAD\startup_TM4C129.s
   Uses
      At line 145 in file RTE\Device\TM4C129XNCZAD\startup_TM4C129.s
      At line 686 in file RTE\Device\TM4C129XNCZAD\startup_TM4C129.s

I2C4_Handler 0000010A

Symbol: I2C4_Handler
   Definitions
      At line 793 in file RTE\Device\TM4C129XNCZAD\startup_TM4C129.s
   Uses
      At line 153 in file RTE\Device\TM4C129XNCZAD\startup_TM4C129.s
      At line 794 in file RTE\Device\TM4C129XNCZAD\startup_TM4C129.s

I2C5_Handler 0000010C

Symbol: I2C5_Handler
   Definitions
      At line 799 in file RTE\Device\TM4C129XNCZAD\startup_TM4C129.s
   Uses



ARM Macro Assembler    Page 11 Alphabetic symbol ordering
Relocatable symbols

      At line 154 in file RTE\Device\TM4C129XNCZAD\startup_TM4C129.s
      At line 800 in file RTE\Device\TM4C129XNCZAD\startup_TM4C129.s

I2C6_Handler 00000148

Symbol: I2C6_Handler
   Definitions
      At line 979 in file RTE\Device\TM4C129XNCZAD\startup_TM4C129.s
   Uses
      At line 185 in file RTE\Device\TM4C129XNCZAD\startup_TM4C129.s
      At line 980 in file RTE\Device\TM4C129XNCZAD\startup_TM4C129.s

I2C7_Handler 0000014A

Symbol: I2C7_Handler
   Definitions
      At line 985 in file RTE\Device\TM4C129XNCZAD\startup_TM4C129.s
   Uses
      At line 186 in file RTE\Device\TM4C129XNCZAD\startup_TM4C129.s
      At line 986 in file RTE\Device\TM4C129XNCZAD\startup_TM4C129.s

I2C8_Handler 00000156

Symbol: I2C8_Handler
   Definitions
      At line 1021 in file RTE\Device\TM4C129XNCZAD\startup_TM4C129.s
   Uses
      At line 192 in file RTE\Device\TM4C129XNCZAD\startup_TM4C129.s
      At line 1022 in file RTE\Device\TM4C129XNCZAD\startup_TM4C129.s

I2C9_Handler 00000158

Symbol: I2C9_Handler
   Definitions
      At line 1027 in file RTE\Device\TM4C129XNCZAD\startup_TM4C129.s
   Uses
      At line 193 in file RTE\Device\TM4C129XNCZAD\startup_TM4C129.s
      At line 1028 in file RTE\Device\TM4C129XNCZAD\startup_TM4C129.s

LCDCONTROLLER_Handler 0000013E

Symbol: LCDCONTROLLER_Handler
   Definitions
      At line 949 in file RTE\Device\TM4C129XNCZAD\startup_TM4C129.s
   Uses
      At line 180 in file RTE\Device\TM4C129XNCZAD\startup_TM4C129.s
      At line 950 in file RTE\Device\TM4C129XNCZAD\startup_TM4C129.s

MemManage_Handler 0000003A

Symbol: MemManage_Handler
   Definitions
      At line 256 in file RTE\Device\TM4C129XNCZAD\startup_TM4C129.s
   Uses
      At line 68 in file RTE\Device\TM4C129XNCZAD\startup_TM4C129.s
      At line 257 in file RTE\Device\TM4C129XNCZAD\startup_TM4C129.s

NMI_Handler 00000036




ARM Macro Assembler    Page 12 Alphabetic symbol ordering
Relocatable symbols

Symbol: NMI_Handler
   Definitions
      At line 246 in file RTE\Device\TM4C129XNCZAD\startup_TM4C129.s
   Uses
      At line 66 in file RTE\Device\TM4C129XNCZAD\startup_TM4C129.s
      At line 247 in file RTE\Device\TM4C129XNCZAD\startup_TM4C129.s

ONEWIRE_Handler 0000014E

Symbol: ONEWIRE_Handler
   Definitions
      At line 997 in file RTE\Device\TM4C129XNCZAD\startup_TM4C129.s
   Uses
      At line 188 in file RTE\Device\TM4C129XNCZAD\startup_TM4C129.s
      At line 998 in file RTE\Device\TM4C129XNCZAD\startup_TM4C129.s

PMW0_FAULT_Handler 0000007C

Symbol: PMW0_FAULT_Handler
   Definitions
      At line 367 in file RTE\Device\TM4C129XNCZAD\startup_TM4C129.s
   Uses
      At line 92 in file RTE\Device\TM4C129XNCZAD\startup_TM4C129.s
      At line 368 in file RTE\Device\TM4C129XNCZAD\startup_TM4C129.s

PWM0_0_Handler 0000007E

Symbol: PWM0_0_Handler
   Definitions
      At line 373 in file RTE\Device\TM4C129XNCZAD\startup_TM4C129.s
   Uses
      At line 93 in file RTE\Device\TM4C129XNCZAD\startup_TM4C129.s
      At line 374 in file RTE\Device\TM4C129XNCZAD\startup_TM4C129.s

PWM0_1_Handler 00000080

Symbol: PWM0_1_Handler
   Definitions
      At line 379 in file RTE\Device\TM4C129XNCZAD\startup_TM4C129.s
   Uses
      At line 94 in file RTE\Device\TM4C129XNCZAD\startup_TM4C129.s
      At line 380 in file RTE\Device\TM4C129XNCZAD\startup_TM4C129.s

PWM0_2_Handler 00000082

Symbol: PWM0_2_Handler
   Definitions
      At line 385 in file RTE\Device\TM4C129XNCZAD\startup_TM4C129.s
   Uses
      At line 95 in file RTE\Device\TM4C129XNCZAD\startup_TM4C129.s
      At line 386 in file RTE\Device\TM4C129XNCZAD\startup_TM4C129.s

PWM0_3_Handler 000000C0

Symbol: PWM0_3_Handler
   Definitions
      At line 571 in file RTE\Device\TM4C129XNCZAD\startup_TM4C129.s
   Uses
      At line 126 in file RTE\Device\TM4C129XNCZAD\startup_TM4C129.s



ARM Macro Assembler    Page 13 Alphabetic symbol ordering
Relocatable symbols

      At line 572 in file RTE\Device\TM4C129XNCZAD\startup_TM4C129.s

PendSV_Handler 00000054

Symbol: PendSV_Handler
   Definitions
      At line 291 in file RTE\Device\TM4C129XNCZAD\startup_TM4C129.s
   Uses
      At line 78 in file RTE\Device\TM4C129XNCZAD\startup_TM4C129.s
      At line 292 in file RTE\Device\TM4C129XNCZAD\startup_TM4C129.s

QEI0_Handler 00000084

Symbol: QEI0_Handler
   Definitions
      At line 391 in file RTE\Device\TM4C129XNCZAD\startup_TM4C129.s
   Uses
      At line 96 in file RTE\Device\TM4C129XNCZAD\startup_TM4C129.s
      At line 392 in file RTE\Device\TM4C129XNCZAD\startup_TM4C129.s

Reset_Handler 00000000

Symbol: Reset_Handler
   Definitions
      At line 205 in file RTE\Device\TM4C129XNCZAD\startup_TM4C129.s
   Uses
      At line 65 in file RTE\Device\TM4C129XNCZAD\startup_TM4C129.s
      At line 206 in file RTE\Device\TM4C129XNCZAD\startup_TM4C129.s

SHAMD5_Handler 00000138

Symbol: SHAMD5_Handler
   Definitions
      At line 931 in file RTE\Device\TM4C129XNCZAD\startup_TM4C129.s
   Uses
      At line 177 in file RTE\Device\TM4C129XNCZAD\startup_TM4C129.s
      At line 932 in file RTE\Device\TM4C129XNCZAD\startup_TM4C129.s

SSI0_Handler 00000078

Symbol: SSI0_Handler
   Definitions
      At line 355 in file RTE\Device\TM4C129XNCZAD\startup_TM4C129.s
   Uses
      At line 90 in file RTE\Device\TM4C129XNCZAD\startup_TM4C129.s
      At line 356 in file RTE\Device\TM4C129XNCZAD\startup_TM4C129.s

SSI1_Handler 000000AE

Symbol: SSI1_Handler
   Definitions
      At line 517 in file RTE\Device\TM4C129XNCZAD\startup_TM4C129.s
   Uses
      At line 117 in file RTE\Device\TM4C129XNCZAD\startup_TM4C129.s
      At line 518 in file RTE\Device\TM4C129XNCZAD\startup_TM4C129.s

SSI2_Handler 000000D6

Symbol: SSI2_Handler



ARM Macro Assembler    Page 14 Alphabetic symbol ordering
Relocatable symbols

   Definitions
      At line 637 in file RTE\Device\TM4C129XNCZAD\startup_TM4C129.s
   Uses
      At line 137 in file RTE\Device\TM4C129XNCZAD\startup_TM4C129.s
      At line 638 in file RTE\Device\TM4C129XNCZAD\startup_TM4C129.s

SSI3_Handler 000000D8

Symbol: SSI3_Handler
   Definitions
      At line 643 in file RTE\Device\TM4C129XNCZAD\startup_TM4C129.s
   Uses
      At line 138 in file RTE\Device\TM4C129XNCZAD\startup_TM4C129.s
      At line 644 in file RTE\Device\TM4C129XNCZAD\startup_TM4C129.s

SVC_Handler 00000040

Symbol: SVC_Handler
   Definitions
      At line 270 in file RTE\Device\TM4C129XNCZAD\startup_TM4C129.s
   Uses
      At line 75 in file RTE\Device\TM4C129XNCZAD\startup_TM4C129.s
      At line 271 in file RTE\Device\TM4C129XNCZAD\startup_TM4C129.s

SYSCTL_Handler 000000A2

Symbol: SYSCTL_Handler
   Definitions
      At line 481 in file RTE\Device\TM4C129XNCZAD\startup_TM4C129.s
   Uses
      At line 111 in file RTE\Device\TM4C129XNCZAD\startup_TM4C129.s
      At line 482 in file RTE\Device\TM4C129XNCZAD\startup_TM4C129.s

SysTick_Handler 00000056

Symbol: SysTick_Handler
   Definitions
      At line 296 in file RTE\Device\TM4C129XNCZAD\startup_TM4C129.s
   Uses
      At line 79 in file RTE\Device\TM4C129XNCZAD\startup_TM4C129.s
      At line 297 in file RTE\Device\TM4C129XNCZAD\startup_TM4C129.s

TAMPER_Handler 00000112

Symbol: TAMPER_Handler
   Definitions
      At line 817 in file RTE\Device\TM4C129XNCZAD\startup_TM4C129.s
   Uses
      At line 158 in file RTE\Device\TM4C129XNCZAD\startup_TM4C129.s
      At line 818 in file RTE\Device\TM4C129XNCZAD\startup_TM4C129.s

TIMER0A_Handler 00000090

Symbol: TIMER0A_Handler
   Definitions
      At line 427 in file RTE\Device\TM4C129XNCZAD\startup_TM4C129.s
   Uses
      At line 102 in file RTE\Device\TM4C129XNCZAD\startup_TM4C129.s
      At line 428 in file RTE\Device\TM4C129XNCZAD\startup_TM4C129.s



ARM Macro Assembler    Page 15 Alphabetic symbol ordering
Relocatable symbols


TIMER0B_Handler 00000092

Symbol: TIMER0B_Handler
   Definitions
      At line 433 in file RTE\Device\TM4C129XNCZAD\startup_TM4C129.s
   Uses
      At line 103 in file RTE\Device\TM4C129XNCZAD\startup_TM4C129.s
      At line 434 in file RTE\Device\TM4C129XNCZAD\startup_TM4C129.s

TIMER1A_Handler 00000094

Symbol: TIMER1A_Handler
   Definitions
      At line 439 in file RTE\Device\TM4C129XNCZAD\startup_TM4C129.s
   Uses
      At line 104 in file RTE\Device\TM4C129XNCZAD\startup_TM4C129.s
      At line 440 in file RTE\Device\TM4C129XNCZAD\startup_TM4C129.s

TIMER1B_Handler 00000096

Symbol: TIMER1B_Handler
   Definitions
      At line 445 in file RTE\Device\TM4C129XNCZAD\startup_TM4C129.s
   Uses
      At line 105 in file RTE\Device\TM4C129XNCZAD\startup_TM4C129.s
      At line 446 in file RTE\Device\TM4C129XNCZAD\startup_TM4C129.s

TIMER2A_Handler 00000098

Symbol: TIMER2A_Handler
   Definitions
      At line 451 in file RTE\Device\TM4C129XNCZAD\startup_TM4C129.s
   Uses
      At line 106 in file RTE\Device\TM4C129XNCZAD\startup_TM4C129.s
      At line 452 in file RTE\Device\TM4C129XNCZAD\startup_TM4C129.s

TIMER2B_Handler 0000009A

Symbol: TIMER2B_Handler
   Definitions
      At line 457 in file RTE\Device\TM4C129XNCZAD\startup_TM4C129.s
   Uses
      At line 107 in file RTE\Device\TM4C129XNCZAD\startup_TM4C129.s
      At line 458 in file RTE\Device\TM4C129XNCZAD\startup_TM4C129.s

TIMER3A_Handler 000000B0

Symbol: TIMER3A_Handler
   Definitions
      At line 523 in file RTE\Device\TM4C129XNCZAD\startup_TM4C129.s
   Uses
      At line 118 in file RTE\Device\TM4C129XNCZAD\startup_TM4C129.s
      At line 524 in file RTE\Device\TM4C129XNCZAD\startup_TM4C129.s

TIMER3B_Handler 000000B2

Symbol: TIMER3B_Handler
   Definitions



ARM Macro Assembler    Page 16 Alphabetic symbol ordering
Relocatable symbols

      At line 529 in file RTE\Device\TM4C129XNCZAD\startup_TM4C129.s
   Uses
      At line 119 in file RTE\Device\TM4C129XNCZAD\startup_TM4C129.s
      At line 530 in file RTE\Device\TM4C129XNCZAD\startup_TM4C129.s

TIMER4A_Handler 000000E8

Symbol: TIMER4A_Handler
   Definitions
      At line 691 in file RTE\Device\TM4C129XNCZAD\startup_TM4C129.s
   Uses
      At line 146 in file RTE\Device\TM4C129XNCZAD\startup_TM4C129.s
      At line 692 in file RTE\Device\TM4C129XNCZAD\startup_TM4C129.s

TIMER4B_Handler 000000EA

Symbol: TIMER4B_Handler
   Definitions
      At line 697 in file RTE\Device\TM4C129XNCZAD\startup_TM4C129.s
   Uses
      At line 147 in file RTE\Device\TM4C129XNCZAD\startup_TM4C129.s
      At line 698 in file RTE\Device\TM4C129XNCZAD\startup_TM4C129.s

TIMER5A_Handler 000000EC

Symbol: TIMER5A_Handler
   Definitions
      At line 703 in file RTE\Device\TM4C129XNCZAD\startup_TM4C129.s
   Uses
      At line 148 in file RTE\Device\TM4C129XNCZAD\startup_TM4C129.s
      At line 704 in file RTE\Device\TM4C129XNCZAD\startup_TM4C129.s

TIMER5B_Handler 000000EE

Symbol: TIMER5B_Handler
   Definitions
      At line 709 in file RTE\Device\TM4C129XNCZAD\startup_TM4C129.s
   Uses
      At line 149 in file RTE\Device\TM4C129XNCZAD\startup_TM4C129.s
      At line 710 in file RTE\Device\TM4C129XNCZAD\startup_TM4C129.s

TIMER6A_Handler 00000140

Symbol: TIMER6A_Handler
   Definitions
      At line 955 in file RTE\Device\TM4C129XNCZAD\startup_TM4C129.s
   Uses
      At line 181 in file RTE\Device\TM4C129XNCZAD\startup_TM4C129.s
      At line 956 in file RTE\Device\TM4C129XNCZAD\startup_TM4C129.s

TIMER6B_Handler 00000142

Symbol: TIMER6B_Handler
   Definitions
      At line 961 in file RTE\Device\TM4C129XNCZAD\startup_TM4C129.s
   Uses
      At line 182 in file RTE\Device\TM4C129XNCZAD\startup_TM4C129.s
      At line 962 in file RTE\Device\TM4C129XNCZAD\startup_TM4C129.s




ARM Macro Assembler    Page 17 Alphabetic symbol ordering
Relocatable symbols

TIMER7A_Handler 00000144

Symbol: TIMER7A_Handler
   Definitions
      At line 967 in file RTE\Device\TM4C129XNCZAD\startup_TM4C129.s
   Uses
      At line 183 in file RTE\Device\TM4C129XNCZAD\startup_TM4C129.s
      At line 968 in file RTE\Device\TM4C129XNCZAD\startup_TM4C129.s

TIMER7B_Handler 00000146

Symbol: TIMER7B_Handler
   Definitions
      At line 973 in file RTE\Device\TM4C129XNCZAD\startup_TM4C129.s
   Uses
      At line 184 in file RTE\Device\TM4C129XNCZAD\startup_TM4C129.s
      At line 974 in file RTE\Device\TM4C129XNCZAD\startup_TM4C129.s

UART0_Handler 00000074

Symbol: UART0_Handler
   Definitions
      At line 343 in file RTE\Device\TM4C129XNCZAD\startup_TM4C129.s
   Uses
      At line 88 in file RTE\Device\TM4C129XNCZAD\startup_TM4C129.s
      At line 344 in file RTE\Device\TM4C129XNCZAD\startup_TM4C129.s

UART1_Handler 00000076

Symbol: UART1_Handler
   Definitions
      At line 349 in file RTE\Device\TM4C129XNCZAD\startup_TM4C129.s
   Uses
      At line 89 in file RTE\Device\TM4C129XNCZAD\startup_TM4C129.s
      At line 350 in file RTE\Device\TM4C129XNCZAD\startup_TM4C129.s

UART2_Handler 000000AC

Symbol: UART2_Handler
   Definitions
      At line 511 in file RTE\Device\TM4C129XNCZAD\startup_TM4C129.s
   Uses
      At line 116 in file RTE\Device\TM4C129XNCZAD\startup_TM4C129.s
      At line 512 in file RTE\Device\TM4C129XNCZAD\startup_TM4C129.s

UART3_Handler 000000DA

Symbol: UART3_Handler
   Definitions
      At line 649 in file RTE\Device\TM4C129XNCZAD\startup_TM4C129.s
   Uses
      At line 139 in file RTE\Device\TM4C129XNCZAD\startup_TM4C129.s
      At line 650 in file RTE\Device\TM4C129XNCZAD\startup_TM4C129.s

UART4_Handler 000000DC

Symbol: UART4_Handler
   Definitions
      At line 655 in file RTE\Device\TM4C129XNCZAD\startup_TM4C129.s



ARM Macro Assembler    Page 18 Alphabetic symbol ordering
Relocatable symbols

   Uses
      At line 140 in file RTE\Device\TM4C129XNCZAD\startup_TM4C129.s
      At line 656 in file RTE\Device\TM4C129XNCZAD\startup_TM4C129.s

UART5_Handler 000000DE

Symbol: UART5_Handler
   Definitions
      At line 661 in file RTE\Device\TM4C129XNCZAD\startup_TM4C129.s
   Uses
      At line 141 in file RTE\Device\TM4C129XNCZAD\startup_TM4C129.s
      At line 662 in file RTE\Device\TM4C129XNCZAD\startup_TM4C129.s

UART6_Handler 000000E0

Symbol: UART6_Handler
   Definitions
      At line 667 in file RTE\Device\TM4C129XNCZAD\startup_TM4C129.s
   Uses
      At line 142 in file RTE\Device\TM4C129XNCZAD\startup_TM4C129.s
      At line 668 in file RTE\Device\TM4C129XNCZAD\startup_TM4C129.s

UART7_Handler 000000E2

Symbol: UART7_Handler
   Definitions
      At line 673 in file RTE\Device\TM4C129XNCZAD\startup_TM4C129.s
   Uses
      At line 143 in file RTE\Device\TM4C129XNCZAD\startup_TM4C129.s
      At line 674 in file RTE\Device\TM4C129XNCZAD\startup_TM4C129.s

UDMAERR_Handler 000000C4

Symbol: UDMAERR_Handler
   Definitions
      At line 583 in file RTE\Device\TM4C129XNCZAD\startup_TM4C129.s
   Uses
      At line 128 in file RTE\Device\TM4C129XNCZAD\startup_TM4C129.s
      At line 584 in file RTE\Device\TM4C129XNCZAD\startup_TM4C129.s

UDMA_Handler 000000C2

Symbol: UDMA_Handler
   Definitions
      At line 577 in file RTE\Device\TM4C129XNCZAD\startup_TM4C129.s
   Uses
      At line 127 in file RTE\Device\TM4C129XNCZAD\startup_TM4C129.s
      At line 578 in file RTE\Device\TM4C129XNCZAD\startup_TM4C129.s

USB0_Handler 000000BE

Symbol: USB0_Handler
   Definitions
      At line 565 in file RTE\Device\TM4C129XNCZAD\startup_TM4C129.s
   Uses
      At line 125 in file RTE\Device\TM4C129XNCZAD\startup_TM4C129.s
      At line 566 in file RTE\Device\TM4C129XNCZAD\startup_TM4C129.s

UsageFault_Handler 0000003E



ARM Macro Assembler    Page 19 Alphabetic symbol ordering
Relocatable symbols


Symbol: UsageFault_Handler
   Definitions
      At line 266 in file RTE\Device\TM4C129XNCZAD\startup_TM4C129.s
   Uses
      At line 70 in file RTE\Device\TM4C129XNCZAD\startup_TM4C129.s
      At line 267 in file RTE\Device\TM4C129XNCZAD\startup_TM4C129.s

WDT0_Handler 0000008E

Symbol: WDT0_Handler
   Definitions
      At line 421 in file RTE\Device\TM4C129XNCZAD\startup_TM4C129.s
   Uses
      At line 101 in file RTE\Device\TM4C129XNCZAD\startup_TM4C129.s
      At line 422 in file RTE\Device\TM4C129XNCZAD\startup_TM4C129.s

WTIMER0A_Handler 000000F0

Symbol: WTIMER0A_Handler
   Definitions
      At line 715 in file RTE\Device\TM4C129XNCZAD\startup_TM4C129.s
   Uses
      At line 716 in file RTE\Device\TM4C129XNCZAD\startup_TM4C129.s
Comment: WTIMER0A_Handler used once
WTIMER0B_Handler 000000F2

Symbol: WTIMER0B_Handler
   Definitions
      At line 721 in file RTE\Device\TM4C129XNCZAD\startup_TM4C129.s
   Uses
      At line 722 in file RTE\Device\TM4C129XNCZAD\startup_TM4C129.s
Comment: WTIMER0B_Handler used once
WTIMER1A_Handler 000000F4

Symbol: WTIMER1A_Handler
   Definitions
      At line 727 in file RTE\Device\TM4C129XNCZAD\startup_TM4C129.s
   Uses
      At line 728 in file RTE\Device\TM4C129XNCZAD\startup_TM4C129.s
Comment: WTIMER1A_Handler used once
WTIMER1B_Handler 000000F6

Symbol: WTIMER1B_Handler
   Definitions
      At line 733 in file RTE\Device\TM4C129XNCZAD\startup_TM4C129.s
   Uses
      At line 734 in file RTE\Device\TM4C129XNCZAD\startup_TM4C129.s
Comment: WTIMER1B_Handler used once
WTIMER2A_Handler 000000F8

Symbol: WTIMER2A_Handler
   Definitions
      At line 739 in file RTE\Device\TM4C129XNCZAD\startup_TM4C129.s
   Uses
      At line 740 in file RTE\Device\TM4C129XNCZAD\startup_TM4C129.s
Comment: WTIMER2A_Handler used once
WTIMER2B_Handler 000000FA




ARM Macro Assembler    Page 20 Alphabetic symbol ordering
Relocatable symbols

Symbol: WTIMER2B_Handler
   Definitions
      At line 745 in file RTE\Device\TM4C129XNCZAD\startup_TM4C129.s
   Uses
      At line 746 in file RTE\Device\TM4C129XNCZAD\startup_TM4C129.s
Comment: WTIMER2B_Handler used once
WTIMER3A_Handler 000000FC

Symbol: WTIMER3A_Handler
   Definitions
      At line 751 in file RTE\Device\TM4C129XNCZAD\startup_TM4C129.s
   Uses
      At line 752 in file RTE\Device\TM4C129XNCZAD\startup_TM4C129.s
Comment: WTIMER3A_Handler used once
WTIMER3B_Handler 000000FE

Symbol: WTIMER3B_Handler
   Definitions
      At line 757 in file RTE\Device\TM4C129XNCZAD\startup_TM4C129.s
   Uses
      At line 758 in file RTE\Device\TM4C129XNCZAD\startup_TM4C129.s
Comment: WTIMER3B_Handler used once
WTIMER4A_Handler 00000100

Symbol: WTIMER4A_Handler
   Definitions
      At line 763 in file RTE\Device\TM4C129XNCZAD\startup_TM4C129.s
   Uses
      At line 764 in file RTE\Device\TM4C129XNCZAD\startup_TM4C129.s
Comment: WTIMER4A_Handler used once
WTIMER4B_Handler 00000102

Symbol: WTIMER4B_Handler
   Definitions
      At line 769 in file RTE\Device\TM4C129XNCZAD\startup_TM4C129.s
   Uses
      At line 770 in file RTE\Device\TM4C129XNCZAD\startup_TM4C129.s
Comment: WTIMER4B_Handler used once
WTIMER5A_Handler 00000104

Symbol: WTIMER5A_Handler
   Definitions
      At line 775 in file RTE\Device\TM4C129XNCZAD\startup_TM4C129.s
   Uses
      At line 776 in file RTE\Device\TM4C129XNCZAD\startup_TM4C129.s
Comment: WTIMER5A_Handler used once
WTIMER5B_Handler 00000106

Symbol: WTIMER5B_Handler
   Definitions
      At line 781 in file RTE\Device\TM4C129XNCZAD\startup_TM4C129.s
   Uses
      At line 782 in file RTE\Device\TM4C129XNCZAD\startup_TM4C129.s
Comment: WTIMER5B_Handler used once
__user_initial_stackheap 0000015C

Symbol: __user_initial_stackheap
   Definitions
      At line 1054 in file RTE\Device\TM4C129XNCZAD\startup_TM4C129.s



ARM Macro Assembler    Page 21 Alphabetic symbol ordering
Relocatable symbols

   Uses
      At line 1053 in file RTE\Device\TM4C129XNCZAD\startup_TM4C129.s
Comment: __user_initial_stackheap used once
133 symbols



ARM Macro Assembler    Page 1 Alphabetic symbol ordering
Absolute symbols

Handler_Stack_Size 00000800

Symbol: Handler_Stack_Size
   Definitions
      At line 43 in file RTE\Device\TM4C129XNCZAD\startup_TM4C129.s
   Uses
      At line 50 in file RTE\Device\TM4C129XNCZAD\startup_TM4C129.s
Comment: Handler_Stack_Size used once
Heap_Size 00005000

Symbol: Heap_Size
   Definitions
      At line 32 in file RTE\Device\TM4C129XNCZAD\startup_TM4C129.s
   Uses
      At line 36 in file RTE\Device\TM4C129XNCZAD\startup_TM4C129.s
      At line 1058 in file RTE\Device\TM4C129XNCZAD\startup_TM4C129.s

Thread_Stack_Size 00000800

Symbol: Thread_Stack_Size
   Definitions
      At line 44 in file RTE\Device\TM4C129XNCZAD\startup_TM4C129.s
   Uses
      At line 48 in file RTE\Device\TM4C129XNCZAD\startup_TM4C129.s
      At line 1057 in file RTE\Device\TM4C129XNCZAD\startup_TM4C129.s

__Vectors_Size 00000200

Symbol: __Vectors_Size
   Definitions
      At line 198 in file RTE\Device\TM4C129XNCZAD\startup_TM4C129.s
   Uses
      At line 62 in file RTE\Device\TM4C129XNCZAD\startup_TM4C129.s
Comment: __Vectors_Size used once
4 symbols



ARM Macro Assembler    Page 1 Alphabetic symbol ordering
External symbols

SystemInit 00000000

Symbol: SystemInit
   Definitions
      At line 207 in file RTE\Device\TM4C129XNCZAD\startup_TM4C129.s
   Uses
      At line 216 in file RTE\Device\TM4C129XNCZAD\startup_TM4C129.s
Comment: SystemInit used once
__main 00000000

Symbol: __main
   Definitions
      At line 208 in file RTE\Device\TM4C129XNCZAD\startup_TM4C129.s
   Uses
      At line 240 in file RTE\Device\TM4C129XNCZAD\startup_TM4C129.s
Comment: __main used once
__use_two_region_memory 00000000

Symbol: __use_two_region_memory
   Definitions
      At line 1052 in file RTE\Device\TM4C129XNCZAD\startup_TM4C129.s
   Uses
      None
Comment: __use_two_region_memory unused
_heap_init 00000000

Symbol: _heap_init
   Definitions
      At line 225 in file RTE\Device\TM4C129XNCZAD\startup_TM4C129.s
   Uses
      At line 226 in file RTE\Device\TM4C129XNCZAD\startup_TM4C129.s
Comment: _heap_init used once
_syscall_table_init 00000000

Symbol: _syscall_table_init
   Definitions
      At line 220 in file RTE\Device\TM4C129XNCZAD\startup_TM4C129.s
   Uses
      At line 221 in file RTE\Device\TM4C129XNCZAD\startup_TM4C129.s
Comment: _syscall_table_init used once
_syscall_table_jump 00000000

Symbol: _syscall_table_jump
   Definitions
      At line 275 in file RTE\Device\TM4C129XNCZAD\startup_TM4C129.s
   Uses
      At line 276 in file RTE\Device\TM4C129XNCZAD\startup_TM4C129.s
Comment: _syscall_table_jump used once
_timer_init 00000000

Symbol: _timer_init
   Definitions
      At line 229 in file RTE\Device\TM4C129XNCZAD\startup_TM4C129.s
   Uses
      At line 230 in file RTE\Device\TM4C129XNCZAD\startup_TM4C129.s
Comment: _timer_init used once
_timer_update 00000000

Symbol: _timer_update



ARM Macro Assembler    Page 2 Alphabetic symbol ordering
External symbols

   Definitions
      At line 301 in file RTE\Device\TM4C129XNCZAD\startup_TM4C129.s
   Uses
      At line 302 in file RTE\Device\TM4C129XNCZAD\startup_TM4C129.s
Comment: _timer_update used once
8 symbols
496 symbols in table
